msisdn,gender,year_of_birth,system_status,mobile_type,value_segment
aeef4233d9ad34e41f7ecf48d64646f8,MALE,1985,ACTIVE,Prepaid,Tier_3
2397d009e705bc8a2654cbb3f480cc59,MALE,1958,ACTIVE,Prepaid,Tier_3
6f05d738919f9283322bae17dc366bf5,MALE,1976,ACTIVE,Prepaid,Tier_3
45352d9d126f86f40c7eee79a82c833c,MALE,1996,ACTIVE,Prepaid,Tier_3
959b00a279e2785cfa81728338c324f7,FEMALE,1960,ACTIVE,Prepaid,Tier_3
b74761390712bde1309ac38b46d59df8,,1994,ACTIVE,Prepaid,Tier_3
b74761390712bde1309ac38b46d59df8,Male,1994,ACTIVE,Prepaid,Tier_3
1311649d0d7ffeb132cfaf6a0233483e,Male,1992,ACTIVE,Prepaid,Tier_3
8e6e340aa4b1a449305da80327f4e6ff,MALE,1963,ACTIVE,Prepaid,Tier_3
fc91bb6f212bf1aca7f30acb5a8f1d16,Male,1978,ACTIVE,Postpaid,Tier_3
32d4f8f1e7193e334981a42bb0ccf53b,,1969,SUSPEND,Prepaid,Tier_3
32d4f8f1e7193e334981a42bb0ccf53b,,1969,ACTIVE,Prepaid,Tier_3
e78cfd27d4cfd96c79884afdf309f497,Male,1981,ACTIVE,Prepaid,Tier_3
85f7a8d1f148f0b39f7c4562e7b998f4,Female,1997,ACTIVE,Prepaid,Tier_3
b39acd5449bca8d95204109d518e8cc2,Not Available,1984,ACTIVE,Prepaid,Tier_3
97f6c64c2d96290139486fff28598be4,MALE,1980,ACTIVE,Prepaid,Tier_3
977c0be0c7328349766d71ddf60811e1,Male,1990,ACTIVE,Prepaid,Tier_3
a42414ffaec5e15db36c2ec5dc4e087a,,1987,ACTIVE,Prepaid,Tier_3
96ede641cd514263807c4d01e522685a,Male,1977,ACTIVE,Prepaid,Tier_3
1ed1e0ec812ea3a7626cc7509db26af8,MALE,1987,ACTIVE,Prepaid,Tier_3
72841037ec3b38e621bd19e72c79c6c3,MALE,1986,ACTIVE,Prepaid,Tier_3
1a6263ca38a94a288bd054118bdff351,MALE,1976,ACTIVE,Prepaid,Tier_3
9f55aa1da704a736cb0d4f87663b313c,Not Available,1987,ACTIVE,Prepaid,Tier_3
e5998175b18fc857561776b44c71ac45,Male,1991,ACTIVE,Prepaid,Tier_3
fed91d4772a756e15b78fefb07dce402,MALE,1993,ACTIVE,Prepaid,Tier_3
bdf3a4ae49dab39db55ab184aa6bbe5e,Not Available,1962,ACTIVE,Prepaid,Tier_3
61aa493dbabbfd7aad173638e67e5714,Male,1968,ACTIVE,Prepaid,Tier_3
4093173e1d67da5333e4a33b12791ebb,Male,1994,ACTIVE,Prepaid,Tier_3
e6b197f41efc4598e48bb56bbd8fef43,Not Available,1972,ACTIVE,Prepaid,Tier_3
709a3c2e4584641ef5824e8d84c6c9e4,,1994,ACTIVE,Prepaid,Tier_3
fab90a4ff581977be4383188cff0df4f,,1983,ACTIVE,Postpaid,Tier_3
614b568bddcdb82d4325a37b0992cd12,MALE,1988,ACTIVE,Prepaid,Tier_3
e7ca68ec52e4181d64df75c7a71ab8b3,Male,1993,ACTIVE,Prepaid,Tier_3
8e7eb419f77bfeecc88f2f5b4a856248,Male,1996,ACTIVE,Prepaid,Tier_3
7c1430a9ef1f1b8a6a0b4cca7f2ca155,Not Available,1975,ACTIVE,Prepaid,Tier_3
be92110aae3feedd5fb5cc6cd42b2d16,Not Available,1971,ACTIVE,Prepaid,Tier_3
c575a9c7db8eb808049f4a9a7a8343a0,Not Available,1974,ACTIVE,Prepaid,Tier_3
0f8f890dd8ce5df9d36b0254bdd90878,Male,1999,ACTIVE,Prepaid,Tier_3
2436e4cb6aeed4859d54ca997085a994,Male,1991,ACTIVE,Prepaid,Tier_3
5938bc4ce61fefdda9377c5638dc58c9,Male,1977,ACTIVE,Prepaid,Tier_3
b0fcc909dfce5bb62a7eccccb563d6b6,Male,1994,ACTIVE,Prepaid,Tier_3
5527bb6919deb128d3e4d223938712b7,,1954,ACTIVE,Prepaid,Tier_3
0655252e4937543a4d78739315141fc6,Male,1963,ACTIVE,Prepaid,Tier_3
5d22645fb1ec77288613bc7f6793deb6,MALE,1984,ACTIVE,Prepaid,Tier_3
e3f0a8e70e1e250223db14275790d347,Not Available,1976,ACTIVE,Prepaid,Tier_3
c0cff92dd6664fc9259c5f192a88cccb,Not Available,1996,ACTIVE,Prepaid,Tier_3
e910369c17fecc0653ff9bcb33975f1d,Not Available,1990,ACTIVE,Prepaid,Tier_3
68f1b69e0a6fc12401edb9bc41534fe4,Not Available,1967,ACTIVE,Prepaid,Tier_3
801eff7b405789d972d278a0e86c8698,MALE,1987,ACTIVE,Prepaid,Tier_3
b5987cf147872018665fa4f44bf9b947,,1974,ACTIVE,Postpaid,Tier_3
888988c835d1f1e3aa9d2239ef92915e,MALE,1990,ACTIVE,Prepaid,Tier_3
b77d42a33326a765daa5023ecb6b9276,Male,1993,ACTIVE,Prepaid,Tier_3
d7e02833e17b8e2f241accb337cac0bb,MALE,1981,ACTIVE,Prepaid,Tier_3
4b20a5d74aad096bea3f856af092b014,,1988,ACTIVE,Prepaid,Tier_3
3a889792f57b3b89f96effeb2506f412,MALE,1993,ACTIVE,Prepaid,Tier_3
deaf7db6c1196b6fcf65a2cd0e7371ef,MALE,1989,ACTIVE,Prepaid,Tier_3
60d7616e49dcdcebb288d2e835307201,,1980,ACTIVE,Prepaid,Tier_3
e1a2667a5474d8e15053e2c03ccee4cf,Male,1993,ACTIVE,Prepaid,Tier_3
f35ba0ad6d9b59393f1f711a32e0eea4,FEMALE,1989,ACTIVE,Prepaid,Tier_3
140ccc3d81433b5248435a9d32c06710,Male,1993,ACTIVE,Prepaid,Tier_3
c3a4357d6914170dbb461d0a59e92609,Not Available,1982,ACTIVE,Prepaid,Tier_3
7bc5a6db518949e6221a3943777806d6,Not Available,1982,ACTIVE,Prepaid,Tier_3
3e42094610019590a623b912ceaf0eb8,Male,1982,ACTIVE,Prepaid,Tier_3
ae3ed04dedf084b3940535d90dd4dbb7,MALE,1981,ACTIVE,Prepaid,Tier_3
efdfafad0712198bc1b9c387df41aece,Male,1994,ACTIVE,Prepaid,Tier_3
4f5216988c44ec0a96a82a04f28b49fa,Male,1988,ACTIVE,Prepaid,Tier_3
e224f8a260f6117d1a3b6b7b70db8625,Male,1997,ACTIVE,Prepaid,Tier_3
7384f860335e56d83718dc1d4003dd3e,Male,1970,ACTIVE,Prepaid,Tier_3
c077568fd1eb157dde62c68c7b3e359e,,1985,ACTIVE,Postpaid,Tier_3
53bc00849c7a7851e18fe4ef8c641ee6,Male,1992,ACTIVE,Prepaid,Tier_3
07263c34ded4a8d348c0c1dd848f7ad6,Male,1979,ACTIVE,Prepaid,Tier_3
d424eef015f6084be726176d46c696cd,Not Available,1988,ACTIVE,Prepaid,Tier_3
a36f9fe2a0de3b5d3fc2290fa695b3c7,,1978,ACTIVE,Prepaid,Tier_3
4457cfd070a03029222762f7d2b3c3e8,Male,1991,ACTIVE,Prepaid,Tier_3
a27e122c2ea4094e5d23afd3826cdf22,,1994,ACTIVE,Prepaid,Tier_3
6accce63c607d10bcfb416e9b8790daa,Not Available,1987,ACTIVE,Prepaid,Tier_3
e4be01903d5d6b0126db36707e310a2a,Not Available,1992,ACTIVE,Prepaid,Tier_3
4ace0e72069531042bade2b17a6742e8,MALE,1984,ACTIVE,Prepaid,Tier_3
9e98f963e57c08d3f6e3ff7767f44ada,Not Available,1985,ACTIVE,Prepaid,Tier_3
d6a0c18db627eb09bbe60596829a9cc3,Male,1981,ACTIVE,Prepaid,Tier_3
7eeb945da2640eaaf2a6c9745e38cf8c,Not Available,1975,ACTIVE,Prepaid,Tier_3
1f5b374c9bb8e6f772fcce75d503f13b,,1959,ACTIVE,Prepaid,Tier_3
bacacc3981ba87086a9775a91800bbef,MALE,1985,ACTIVE,Prepaid,Tier_3
412519a1e89586ddf1454fb47da37b18,Female,1989,ACTIVE,Prepaid,Tier_3
93db50cb3f2caf955127d4d9f335519a,Not Available,1991,ACTIVE,Prepaid,Tier_3
cd89cfd72090b32c4d82e19fc9a3f489,Male,1992,ACTIVE,Prepaid,Tier_3
8b3eac8365b8ab73bdad7279d392f503,Not Available,1988,ACTIVE,Prepaid,Tier_3
a83d9c0efe9f4f7e74c78f66c97d6ac1,Not Available,1962,ACTIVE,Prepaid,Tier_3
1dafb65c4827c38bddafcad7bc06be0f,Male,1979,ACTIVE,Prepaid,Tier_3
1b30ef0a7299388450e0ff4c95ce6ee4,,1995,ACTIVE,Prepaid,Tier_3
2c4e87998d22d50e01eb284366f85cf1,Male,1981,ACTIVE,Prepaid,Tier_3
5cd26f9955b6af29eee0300a6012116d,Not Available,1994,ACTIVE,Prepaid,Tier_3
bc3c02ff18bd32d1b18454c6bd5a0279,Not Available,1992,ACTIVE,Prepaid,Tier_3
7599dd3083af1687dc658a7050604fe2,Male,1980,ACTIVE,Prepaid,Tier_3
7e3359e2a2c8e7f9ca6dcd1fbfd6336d,Not Available,1991,ACTIVE,Prepaid,Tier_3
2b5361cf425837942dbd7850b04dc4b2,,1991,ACTIVE,Prepaid,Tier_3
12363b2da04ca0273aa369ef04aa298b,MALE,1990,ACTIVE,Prepaid,Tier_3
eeaee0e79f76b8c92d1dc56cc2bff46b,MALE,1994,ACTIVE,Prepaid,Tier_3
2ae20d43aafc753dade12256f1852f13,,1987,ACTIVE,Prepaid,Tier_3
e89f0e6d8a76f7f040b6247368a8b562,MALE,1991,ACTIVE,Prepaid,Tier_3
9dd0b13e92a7295d3269d197e86ea326,MALE,1976,ACTIVE,Prepaid,Tier_3
2fa5b2ea82b38f18cce0ddf80367a7b3,Male,1980,ACTIVE,Prepaid,Tier_3
4d750a4e507081e0352a34b2c0cdd821,Not Available,1979,ACTIVE,Prepaid,Tier_3
45d2aa31a98c93f7a534ac8d0fc3aa19,Not Available,1983,ACTIVE,Prepaid,Tier_3
406faa879243b7a96742bb04462f2290,MALE,1971,ACTIVE,Prepaid,Tier_3
9e62dbdef024aec8b006ea965e993a40,Female,1992,ACTIVE,Prepaid,Tier_3
26ce77082844c190b0a7a5749f8ab717,,1989,ACTIVE,Postpaid,Tier_3
87c2ebf55b65be7fdb92228c6602a2ea,Not Available,1971,ACTIVE,Prepaid,Tier_3
bdee83b38c233dea97801c0ec9634616,Female,1981,ACTIVE,Prepaid,Tier_3
cdc949cd8e14a2a05e809469ec1b9e87,Male,1959,ACTIVE,Prepaid,Tier_3
ee9963672def08c50e9b955e21024dcc,Male,1987,ACTIVE,Prepaid,Tier_3
9597f34597b43b8c8992aff02f5d6f4d,Male,1995,ACTIVE,Prepaid,Tier_3
c83a8a3e06923aafb35cc21327f276b9,MALE,1986,ACTIVE,Prepaid,Tier_3
28123a74c6ed6d4241c650014eae7a38,Male,1990,ACTIVE,Prepaid,Tier_3
edac35346675485bbbc791dc5542119e,Not Available,1983,ACTIVE,Prepaid,Tier_3
69dde384d0916b71be3c626869528009,,1994,ACTIVE,Prepaid,Tier_3
f49c38dc2b6ea7882c5e730ecd3a988e,MALE,1992,ACTIVE,Prepaid,Tier_3
d443a3c7ad924209996e75dd252b1d39,Not Available,1982,ACTIVE,Prepaid,Tier_3
27eac20a49e8439c1996ae75220bc12c,Not Available,1993,ACTIVE,Prepaid,Tier_3
34bd05d66f554b1b89601c4f42849caa,Male,1976,ACTIVE,Prepaid,Tier_3
aaf6832723542eb233f2a393532272a6,Not Available,1967,ACTIVE,Prepaid,Tier_3
71a3f944c0a306f1dd2a513d388ac98a,,1977,ACTIVE,Prepaid,Tier_3
d55563bb4f29480406557d5953d0602f,Male,1973,ACTIVE,Prepaid,Tier_3
549f9529ad0cee1b29dc6dee2a2c3756,Male,1982,ACTIVE,Prepaid,Tier_3
b705887e1a17f04f7900f9ddd339ca4d,Not Available,1974,ACTIVE,Prepaid,Tier_3
cb8b185160f0ce9ac33329f55c50aa7d,Male,1957,ACTIVE,Prepaid,Tier_3
d3821babd6608e966fc0f9f4c2a09769,MALE,1953,ACTIVE,Prepaid,Tier_3
6b69aaf80c8804b84db15b42d4899c7f,MALE,1986,ACTIVE,Prepaid,Tier_3
ca74bd5bd6d2b0c623bd609ad731b658,MALE,1989,ACTIVE,Prepaid,Tier_3
fa755a0e8cb16865aecf0787a5d19bf4,,1986,ACTIVE,Prepaid,Tier_3
31544d2bb85b79bdf52f41370f7cd17c,,1982,ACTIVE,Prepaid,Tier_3
62208554c9e0731fe0635eb27007f7de,FEMALE,1986,ACTIVE,Prepaid,Tier_3
02fa98090227e68048c764c21f336814,FEMALE,1988,ACTIVE,Prepaid,Tier_3
7c3370be9584acaa4116a2b09886002d,MALE,1985,ACTIVE,Prepaid,Tier_3
53060e36802f65a7c68289393035014b,,1993,ACTIVE,Prepaid,Tier_3
f75c5ab82366d7a96c0013615deae444,FEMALE,1982,ACTIVE,Prepaid,Tier_3
348832d3907c3be0b3f96c17f7279007,,1983,ACTIVE,Prepaid,Tier_3
c73ef7baa2cc436b8543e5dccbba07d8,MALE,1991,ACTIVE,Prepaid,Tier_3
db37b2024e50ed7b8b3fd394a3caa783,MALE,1993,ACTIVE,Prepaid,Tier_3
cb6aa506f53c9d70b35639ac021d4e3b,MALE,1981,ACTIVE,Prepaid,Tier_3
06065e00b7d711bc4e8994ecb392b862,MALE,1981,ACTIVE,Prepaid,Tier_3
0bd182b4a27a1a73c142beb6fcee29c0,MALE,1965,ACTIVE,Prepaid,Tier_3
fae2b791992fcd5e5b43889d4b602f4b,Male,1991,ACTIVE,Prepaid,Tier_3
7b1466286211c3b008113a4136f4f38a,FEMALE,1982,ACTIVE,Prepaid,Tier_3
5b9b055e432b0af6f923e7378304dee0,MALE,1985,ACTIVE,Prepaid,Tier_3
0418ca84a286c3313c2a111dfddd2dc6,FEMALE,1983,ACTIVE,Prepaid,Tier_3
5f88139f9f1f0c86658c087dcd253867,MALE,1955,ACTIVE,Prepaid,Tier_3
dc5d89471b2435c38da122baf6fb04a7,MALE,1991,ACTIVE,Prepaid,Tier_3
08ba2de9941c50a79074e9dd70a30c8b,,1987,ACTIVE,Prepaid,Tier_3
39a3b4fd18697a1ade1e2601b8997b13,FEMALE,1985,ACTIVE,Prepaid,Tier_3
b5e32e0be672cdc63b7b237cbf824ec2,FEMALE,1977,ACTIVE,Prepaid,Tier_3
5da51fc48f5268776a61300f1fa8bd22,MALE,1984,ACTIVE,Prepaid,Tier_3
f76f87c64bbe5bc026ae8082ec042727,MALE,1989,ACTIVE,Prepaid,Tier_3
5ab240d6f7e938188e5df7e77270927e,MALE,1994,ACTIVE,Prepaid,Tier_3
622026ed378a89ff9907b4e1ae401445,MALE,1963,ACTIVE,Prepaid,Tier_3
3e9711dcb2101f04084ca125e647eb34,MALE,1936,ACTIVE,Prepaid,Tier_3
9809b5c70bacb636287f644a36774605,MALE,1987,ACTIVE,Prepaid,Tier_3
3c683bc373e7a18559d3cbd038e51039,MALE,1985,ACTIVE,Prepaid,Tier_3
d2367469bae67be73925840f798e00ef,MALE,1959,ACTIVE,Prepaid,Tier_3
b2326730e7e397f7a9f0dc7dd7b6cb5d,FEMALE,1974,ACTIVE,Prepaid,Tier_3
33e321f642c90558ec265797c37afdbd,,1984,ACTIVE,Prepaid,Tier_3
4354b7739643fcdab1db5488446cdc5d,,1997,ACTIVE,Prepaid,Tier_3
f6122d98d2fc568f0da4a6ff114918a3,MALE,1978,ACTIVE,Prepaid,Tier_3
81483a899e2f71445d70d5f1babb147e,MALE,1970,ACTIVE,Prepaid,Tier_3
d3f3db1cbf5e2cfc577ed0ea15f55f6b,FEMALE,1983,ACTIVE,Prepaid,Tier_3
6a5369b5d8f2d842a62711efad99b92d,FEMALE,1988,ACTIVE,Prepaid,Tier_3
eb5f25d0bfe55fea354f9b62212d4a90,,1997,ACTIVE,Prepaid,Tier_3
b672b680f5d59f52e2fbc8ecc1a2226e,MALE,1963,ACTIVE,Prepaid,Tier_3
3ce980621a70104d3e811b697713dfd2,MALE,1988,ACTIVE,Prepaid,Tier_3
4bbd3679aedd29996f343b12ddda222b,MALE,1985,ACTIVE,Prepaid,Tier_3
6a2dac5871a3d102cbe34c7d05624baf,FEMALE,1977,ACTIVE,Prepaid,Tier_3
6dcc405cd4eb7037ae20102bdfd06584,,1993,ACTIVE,Prepaid,Tier_3
ff99051b3bc911c63c6a2f5dc823de01,,1997,ACTIVE,Prepaid,Tier_3
11ecaa6e072b2495376474739032169a,MALE,1988,ACTIVE,Prepaid,Tier_3
76e66a24ce20bddb7dcf88fab881bd2c,MALE,1960,ACTIVE,Prepaid,Tier_3
cee5c59fb2aa292a6bc0c599bcc59ae5,MALE,1988,ACTIVE,Prepaid,Tier_3
32f339f1e60a963521191373e5d117ac,MALE,1958,ACTIVE,Prepaid,Tier_3
705b70c12a77d81ee473bc9ac86bbe0c,MALE,1989,ACTIVE,Prepaid,Tier_3
76e61e3a6690f7ef5b6418a7fee6a83f,MALE,1978,ACTIVE,Prepaid,Tier_3
1d91bed632e2444de3cc8cdb44333233,FEMALE,1979,ACTIVE,Prepaid,Tier_3
cdb932c435aeeadd5f4ec299f52f3128,MALE,1994,ACTIVE,Prepaid,Tier_3
23f9d8011f3f1320dfc86715b5e38c8c,FEMALE,1972,ACTIVE,Prepaid,Tier_3
22aa4ef86f47deb0f6a80fb489f97e07,MALE,1977,ACTIVE,Prepaid,Tier_3
5b02728c90363ce7274334e495e668fb,MALE,1986,ACTIVE,Prepaid,Tier_3
14ff61b7495539bcda482146d36284d7,FEMALE,1977,ACTIVE,Prepaid,Tier_3
e42be305f301d2f3e2cc92c53d1de2b0,MALE,1994,ACTIVE,Prepaid,Tier_3
f19708d70b6ae9f1d05facd884b646a7,MALE,1969,ACTIVE,Prepaid,Tier_3
567b6e9b628521fd4fc544d68e51e0f5,MALE,1975,ACTIVE,Prepaid,Tier_3
9559f074c1fe3d337c74f4d9ffecec74,,1961,ACTIVE,Prepaid,Tier_3
ab191633be1923db94528758ac3b96de,MALE,1980,ACTIVE,Prepaid,Tier_3
6f66e009d08d84056c6930d486d4f829,MALE,1966,ACTIVE,Prepaid,Tier_3
38c13d9e35edcc6faf9d0f415c79bbfe,,1994,ACTIVE,Prepaid,Tier_3
6e5e9ee1d2f265fb0bc9fac7b1549fb0,MALE,1975,ACTIVE,Prepaid,Tier_3
dc66c8cc5b6a513f88ed3cdc924e80f4,MALE,1994,ACTIVE,Prepaid,Tier_3
07ecca0982abb8baccab39488467c872,MALE,1985,ACTIVE,Prepaid,Tier_3
bc6f4db505c4fc497b96384c4583e4d1,MALE,1989,ACTIVE,Prepaid,Tier_3
825da76f2b5b5c6b6eaaa18cfb8c6ca2,MALE,1967,ACTIVE,Prepaid,Tier_3
50aeb3da20dc599035a8f9ce6c01c48b,MALE,1936,ACTIVE,Prepaid,Tier_3
69d0bfbbc19cca2a6a6e2dfd9697666c,MALE,1988,ACTIVE,Prepaid,Tier_3
1f8345fe95865034b327ccaeee44756e,MALE,1972,ACTIVE,Prepaid,Tier_3
267fc31dfbc4a9e5b87e7172675cf8c6,FEMALE,1982,ACTIVE,Prepaid,Tier_3
5fd4e170ddf743cce7cf4a00119956be,MALE,1988,ACTIVE,Prepaid,Tier_3
caacddc5829d7f2979078aec3c00c948,MALE,1979,ACTIVE,Prepaid,Tier_3
93e103458382709f0c18b36cae671a3e,MALE,1993,ACTIVE,Prepaid,Tier_3
49f490c381c871d4a7d7763d1f7a4cc0,MALE,1966,ACTIVE,Prepaid,Tier_3
56c3c601005c5e9eb5c41b11015ab5cf,MALE,1991,ACTIVE,Prepaid,Tier_3
d38e57017ae8c4ad08f05d3db3e511a8,FEMALE,1960,ACTIVE,Prepaid,Tier_3
93366d20cd33fa5c0e20ebddffe2adae,FEMALE,1971,ACTIVE,Prepaid,Tier_3
c92109a28d4366636d2a05dcd14c515b,FEMALE,1977,ACTIVE,Prepaid,Tier_3
a4fdf9afceeebbc879f64b1fcbea897b,MALE,1972,ACTIVE,Prepaid,Tier_3
7378c900f63a06eabd95a7d4a0543bdd,MALE,1989,ACTIVE,Prepaid,Tier_3
01459887a844acab42521e4a74f39cf3,MALE,1990,ACTIVE,Prepaid,Tier_3
1319f080c3d43a44cc5363c5e204148e,MALE,1972,ACTIVE,Prepaid,Tier_3
e371fe78c927e91c82e11068e8e3144a,MALE,1965,ACTIVE,Prepaid,Tier_3
c588daa2e084d417e431d71085a88722,,1994,ACTIVE,Prepaid,Tier_3
fec221c589ed9bf309ddc09dfc72da9e,MALE,1988,ACTIVE,Prepaid,Tier_3
289562ce940cf9479b9ab215c992b603,MALE,1996,ACTIVE,Prepaid,Tier_3
407da554181359b84f1868454ecc4607,MALE,1956,ACTIVE,Prepaid,Tier_3
a2a1abc4821c43ef7284abab1c1364ab,MALE,1986,ACTIVE,Prepaid,Tier_3
fe5b0debba3a638aef70d7aec4f14e1d,MALE,1985,ACTIVE,Prepaid,Tier_3
620c7201ef604217c74a409ae6b4a707,,1990,ACTIVE,Prepaid,Tier_3
165950f1c3403ae4ef07bdc3cdef4365,MALE,1987,ACTIVE,Prepaid,Tier_3
babdc7720803d7ac0baf24af30618076,MALE,1982,ACTIVE,Prepaid,Tier_3
5b617da97e7f4dd95b57dbf360cc34a9,MALE,1989,ACTIVE,Prepaid,Tier_3
28b3d58147f43abef9153b9164bf2c36,,1978,ACTIVE,Prepaid,Tier_3
fdee05221dce0521d68d10006fce7012,MALE,1990,ACTIVE,Prepaid,Tier_3
f7d0f4778da844034d3617fdbe09aba2,FEMALE,1957,ACTIVE,Prepaid,Tier_3
6c4d3fa167d76ebbceb0070d79c0f0fd,MALE,1963,ACTIVE,Prepaid,Tier_3
52099b13da1b7fdeb7275d1968cd4fc7,FEMALE,1984,ACTIVE,Prepaid,Tier_3
ce095612aecc6aed4ae3faffcfe764f1,FEMALE,1984,ACTIVE,Prepaid,Tier_3
1af02fcf2ccbe564096e94b9091706c8,MALE,1968,ACTIVE,Prepaid,Tier_3
7f1e223056526baf868e4c6b1fb5a516,MALE,1987,ACTIVE,Prepaid,Tier_3
70da93b48596aaf3999ce30f3d4db1d4,FEMALE,1994,ACTIVE,Prepaid,Tier_3
e2eee4c88a29cb9064920f029d62f699,FEMALE,1982,ACTIVE,Prepaid,Tier_3
f27959ce4fe0f418ce0b3a03771721d7,MALE,1971,ACTIVE,Prepaid,Tier_3
6c59a263144345d3b52f074d0e2491fb,FEMALE,1992,ACTIVE,Prepaid,Tier_3
0704beaaed0700b7c2f3b8a55284e043,MALE,1975,ACTIVE,Prepaid,Tier_3
b79aaf8bbebc4a9bcc105a21ff6e1788,MALE,1983,ACTIVE,Prepaid,Tier_3
e5f4a25b00865b0579cc2351f5b8a98e,FEMALE,1972,ACTIVE,Prepaid,Tier_3
ed84317b615eae0d17beca4e14d4c092,MALE,1990,ACTIVE,Prepaid,Tier_3
4cac751e8992f4b6f2008680a508919a,MALE,1986,ACTIVE,Prepaid,Tier_3
4cac751e8992f4b6f2008680a508919a,MALE,1983,ACTIVE,Prepaid,Tier_3
769f341da8935084b91a22b68dd75af9,FEMALE,1991,ACTIVE,Prepaid,Tier_3
211792c411c4b44aff8a25dc3bdb1041,,1981,ACTIVE,Prepaid,Tier_3
6883826b3077141e8a306c1ea0386752,MALE,1960,ACTIVE,Prepaid,Tier_3
e1c0b44fbc2b1696ff4bd7e6449cb629,MALE,1988,ACTIVE,Prepaid,Tier_3
d33b151d6287ce6b177f16243baa6d1c,FEMALE,1968,ACTIVE,Prepaid,Tier_3
61df8fa9aadd866fee4217f9dc24b73d,MALE,1969,ACTIVE,Prepaid,Tier_3
11dbf564d1155503faf6ba28a53b2f08,MALE,1977,ACTIVE,Prepaid,Tier_3
ec97c96fefda0292d6361ba4a927cbe9,,1977,ACTIVE,Prepaid,Tier_3
df08c2fb210e069ac6fea8d0ba5a3246,MALE,1967,ACTIVE,Prepaid,Tier_3
48f745e876e55d41fefba38b2cf2856c,MALE,1983,ACTIVE,Prepaid,Tier_3
b5e755311e9d1517e482e8d9cff22286,MALE,1986,ACTIVE,Prepaid,Tier_3
1c02503457b40b171531f4a08ff6ab24,,1993,ACTIVE,Prepaid,Tier_3
e603bad2a5d2a1573b29e15e0ad6ad9a,MALE,1962,ACTIVE,Prepaid,Tier_3
ffde1efd062f71d301a7b30c7ba535de,FEMALE,1977,ACTIVE,Prepaid,Tier_3
51c8969df28cbb1dcea19c76c44c6d58,MALE,1987,ACTIVE,Prepaid,Tier_3
2d02dabd8054367c7ae64a6e2812d14b,MALE,1979,ACTIVE,Prepaid,Tier_3
8c640f32d6f842630ad3d032f3fa0b90,MALE,1978,ACTIVE,Prepaid,Tier_3
c252d198cecfaa91a0d92e8a12c444ca,MALE,1971,ACTIVE,Prepaid,Tier_3
db884e5bf07a65ec08a03ff733789fbe,MALE,1973,ACTIVE,Prepaid,Tier_3
f675b3a3f0554f1ba2150151f48ef3b2,MALE,1975,ACTIVE,Prepaid,Tier_3
a4004c0faf53e1bc18f9f814619bd3da,MALE,1984,ACTIVE,Prepaid,Tier_3
5268859f89e9980fd951a2ee278da531,FEMALE,1991,ACTIVE,Prepaid,Tier_3
b8ffdd855f0256a7bd687bbee783bf77,MALE,1986,ACTIVE,Prepaid,Tier_3
6db2feb7989e1d85a26926591b7d66c8,MALE,1996,ACTIVE,Prepaid,Tier_3
150e957699c489eb69bf8a40c47770ee,,1981,ACTIVE,Prepaid,Tier_3
17a705f8449bfa69b22d7453dfcc9e8f,FEMALE,1993,ACTIVE,Prepaid,Tier_3
0a9b0022510ca7eca2f2ba40011803f9,FEMALE,1973,ACTIVE,Prepaid,Tier_3
5bfc208cbd3ef6f111eed590e5d9ce16,FEMALE,1992,ACTIVE,Prepaid,Tier_3
0217fb29fa9a73cde3c042e614cca899,MALE,1963,ACTIVE,Prepaid,Tier_3
dda96a434d21855f60ea25dba84ee0e7,,1987,ACTIVE,Prepaid,Tier_3
45cc6f0aec1f7918e1a34623d9c608b5,MALE,1989,ACTIVE,Prepaid,Tier_3
ff5f2343220435ab8639501f10287709,MALE,1989,ACTIVE,Prepaid,Tier_3
89d154861c7749886f7da5239b093eb9,MALE,1988,ACTIVE,Prepaid,Tier_3
3dfa903fd21a7aac2d8d10dd08a7efd8,MALE,1965,ACTIVE,Prepaid,Tier_3
a0681494806914432c82af512d07a3da,FEMALE,1988,ACTIVE,Prepaid,Tier_3
c10d5f2d7d8abce006385749ba2bbb27,,1986,ACTIVE,Prepaid,Tier_3
c14de931c325840c50377df362334d72,MALE,1989,ACTIVE,Prepaid,Tier_3
98727c301e3dedcc4101d7de706ec76d,MALE,1970,ACTIVE,Prepaid,Tier_3
13b1a7de053b075d22106bd41bd3c0be,MALE,1994,ACTIVE,Prepaid,Tier_3
b0661a618aad985700de61a9c677c622,FEMALE,1985,ACTIVE,Prepaid,Tier_3
deb0657132b92619db3190dbf6f4033b,FEMALE,1992,ACTIVE,Prepaid,Tier_3
c4081932aa2d53d22a5b9c4bcfd7de8c,MALE,1980,ACTIVE,Prepaid,Tier_3
7d3fcd8503714accd29d70c4587dddfa,FEMALE,1985,ACTIVE,Prepaid,Tier_3
0ef10c06a7ff4dabc06cd341a7753a0b,,1992,ACTIVE,Prepaid,Tier_3
8f7ce2f26572c73e6216dd4f77eb7f5f,MALE,1989,ACTIVE,Prepaid,Tier_3
bc51b3224f129b721e3cd9f0187a35a5,FEMALE,1981,ACTIVE,Prepaid,Tier_3
0d7e25501fe9ccf1ba24f478026e6f73,,1978,ACTIVE,Prepaid,Tier_3
449a51ff7a4806dcc01e1bda7515fedd,MALE,1969,ACTIVE,Prepaid,Tier_3
9403deaa37aff4de404778bbb42db7fc,,1990,ACTIVE,Prepaid,Tier_3
f95bcd28f8a0714e0d8d713a53c4e4f8,MALE,1988,ACTIVE,Prepaid,Tier_3
bfca02da1b89f46d271aba90aaa23764,MALE,1982,ACTIVE,Prepaid,Tier_3
0819e0f02186b8c8986e79901386017a,FEMALE,1977,ACTIVE,Prepaid,Tier_3
357dec97daa4184f5dd0fa67429d349d,FEMALE,1980,ACTIVE,Prepaid,Tier_3
870cd6540ab2ad74d5fd2edbda96eee3,,1975,ACTIVE,Prepaid,Tier_3
5b124d7e8a0bcfc2a31fb0c445de7087,FEMALE,1969,ACTIVE,Prepaid,Tier_3
b9b4d63d607414d3437ce359054d5824,MALE,1954,ACTIVE,Prepaid,Tier_3
906b4a28c8fdcc4e91f551d91cff9f92,MALE,1957,ACTIVE,Prepaid,Tier_3
e06fce4aea1fd6ec3c90a12c569d9be8,MALE,1971,ACTIVE,Prepaid,Tier_3
9524a27dbfa332df86d5e0acecb7b50b,MALE,1953,ACTIVE,Prepaid,Tier_3
b0184544712d606404d2763df0a31332,FEMALE,1991,ACTIVE,Prepaid,Tier_3
7314fa8284a7d4fece49a227cdbc15ff,MALE,1980,ACTIVE,Prepaid,Tier_3
3a576a947ab3c2e6750f538076544d21,MALE,1986,ACTIVE,Prepaid,Tier_3
0d7d5a157ac5cac8d017232ece632ec6,FEMALE,1960,ACTIVE,Prepaid,Tier_3
b896822e890c0dfb88a989db9fad8cce,MALE,1968,ACTIVE,Prepaid,Tier_3
4547069489ef642bee68379a7c392ff9,MALE,1980,ACTIVE,Prepaid,Tier_3
3e97a9a3aa010d09e412b335e2edc255,MALE,1949,ACTIVE,Prepaid,Tier_3
7125844acbbea64cf209c53da9e8febb,MALE,1971,ACTIVE,Prepaid,Tier_3
04762044b67a6352f8c14d7248268cf6,MALE,1994,ACTIVE,Prepaid,Tier_3
c889b5ad03b5c7c0b350894b16979fc4,MALE,1971,ACTIVE,Prepaid,Tier_3
72c85ebf31c2c8cd26e726b17e891c80,FEMALE,1989,ACTIVE,Prepaid,Tier_3
662c68ca1bec1e295809adbf0439f573,MALE,1994,ACTIVE,Prepaid,Tier_3
d0fc763c23fefe2dd51a8cb68abcf99a,MALE,1972,ACTIVE,Prepaid,Tier_3
a92b03a3d577a314c31f7d13ccc81827,MALE,1960,ACTIVE,Prepaid,Tier_3
775380d70c788d7eedd02a89f615727d,MALE,1981,ACTIVE,Prepaid,Tier_3
961f281b399a4081098b5f5965139d68,Male,1987,ACTIVE,Prepaid,Tier_3
1bb6c44431356ffce557ea28869e7b29,MALE,1982,ACTIVE,Prepaid,Tier_3
b0e69c1b77a3cae3fd76a16183c9eb56,,1996,ACTIVE,Prepaid,Tier_3
49291f1da9a4fe2572a9014db0ff0792,MALE,1990,ACTIVE,Prepaid,Tier_3
100b76f520b8fd21adb9af94d6ea9c4e,FEMALE,1974,ACTIVE,Prepaid,Tier_3
11e32db581f71631ded3cc115f166f6c,MALE,1957,ACTIVE,Prepaid,Tier_3
db50486e8195f97197617d18108654ba,MALE,1971,ACTIVE,Prepaid,Tier_3
3a7c454191c612058270449dd4b714be,FEMALE,1967,ACTIVE,Prepaid,Tier_3
7de72752921b1a2edff17e4eae0aea7d,MALE,1993,ACTIVE,Prepaid,Tier_3
db91dc780c4edb6107719ff926349747,MALE,1988,ACTIVE,Prepaid,Tier_3
9b0bba168fdc201baf581c560b723241,MALE,1961,ACTIVE,Prepaid,Tier_3
ea1d9450910e353c68e7e2432c3a0b85,MALE,1967,ACTIVE,Prepaid,Tier_3
382657c0e96049e1a9f1166d888b8a47,MALE,1990,ACTIVE,Prepaid,Tier_3
afc25cf1362415e720991e53a51f7aa9,MALE,1994,ACTIVE,Prepaid,Tier_3
a176a2f8d2bcde4688587857b7c9ea23,MALE,1989,ACTIVE,Prepaid,Tier_3
b1ac15e06e2b60b63a8d51fec6452960,FEMALE,1967,ACTIVE,Prepaid,Tier_3
cfa120f18f474a23774047b4075514ae,MALE,1992,ACTIVE,Prepaid,Tier_3
99575d6ddf8688359d42768e19a431cb,FEMALE,1994,ACTIVE,Prepaid,Tier_3
dad2405ad382e3a445d5ceebc0c65321,MALE,1991,ACTIVE,Prepaid,Tier_3
22480e5f5cc06a477fc122e7cbb3f2c9,FEMALE,1972,ACTIVE,Prepaid,Tier_3
17a9b4f6b871fd927fd654715393c4f2,FEMALE,1994,ACTIVE,Prepaid,Tier_3
af21dd587edee3fa6cb7aa07f068342b,MALE,1989,ACTIVE,Prepaid,Tier_3
a12cc13b9b816c6edfe32dc7187b0873,MALE,1980,ACTIVE,Prepaid,Tier_3
77d6c9a554e3cec5016f7e2e059e1ddd,,1986,ACTIVE,Prepaid,Tier_3
159d450fa2e7bd8a4c2fdc2ee7168a9f,MALE,1960,ACTIVE,Prepaid,Tier_3
2a53a3d0a42aed297c476cc347085ca2,FEMALE,1980,ACTIVE,Prepaid,Tier_3
4dbac2232ad55baeeeccfecfe0acc978,Male,1970,ACTIVE,Prepaid,Tier_3
e6042817c27eb556066da999e35920fa,MALE,1981,ACTIVE,Prepaid,Tier_3
67f1f82e96f9be193a50192e962221b4,MALE,1988,ACTIVE,Prepaid,Tier_3
3211b4ac4d4bc4274916dec0f8de4a08,FEMALE,1969,ACTIVE,Prepaid,Tier_3
6838bb7fd2117850761cdc9ded13bcff,MALE,1993,ACTIVE,Prepaid,Tier_3
fece539f8326472e6aa2b5c09f9b003c,MALE,1985,ACTIVE,Prepaid,Tier_3
6641131d15c614d7b69a5d42e3f54c7f,MALE,1994,ACTIVE,Prepaid,Tier_3
73aeea1a3cdd40ec64c7aa0152c67f62,MALE,1984,ACTIVE,Prepaid,Tier_3
1809e610db68cb9f53786ba2b159dd14,MALE,1954,ACTIVE,Prepaid,Tier_3
c0f1136d2d0ebf6dfdd1f76f999f104a,MALE,1953,ACTIVE,Prepaid,Tier_3
e5fa31f422d69a63eaa4625bc9beefa6,MALE,1974,ACTIVE,Prepaid,Tier_3
d9c4adb895d3a187a1b31388b5a7c7c7,,1987,ACTIVE,Prepaid,Tier_3
459b5651ee1c071c5463cf919d80a71b,,1993,ACTIVE,Prepaid,Tier_3
9d25f75efc5fa247af5eb54afa7a8568,MALE,1960,ACTIVE,Prepaid,Tier_3
d0a1b4d603b2bbf354051d53d2e7cc71,MALE,1989,ACTIVE,Prepaid,Tier_3
25a10ef01e11017a7076235d4fa373f8,MALE,1993,ACTIVE,Prepaid,Tier_3
6463dd2fa6797551624936a41de9aa45,MALE,1985,ACTIVE,Prepaid,Tier_3
b167b01a2542ad045f34eab68d878f38,FEMALE,1995,ACTIVE,Prepaid,Tier_3
453c39a1ab7d09c3a6534a7303541481,MALE,1962,ACTIVE,Prepaid,Tier_3
a34f47898a3cc89382974f6cdce1f930,MALE,1948,ACTIVE,Prepaid,Tier_3
8a9eae67fcc9f17c23596d3833e82e8e,FEMALE,1967,ACTIVE,Prepaid,Tier_3
6970b9ddaa1614cc683a9292617f9513,,1985,ACTIVE,Prepaid,Tier_3
bfe1553f36bad79efee03658017fa662,MALE,1986,ACTIVE,Prepaid,Tier_3
bb7dfbe8983487aaaaef9a35a065f135,FEMALE,1987,ACTIVE,Prepaid,Tier_3
56edf7b2c757c8c97d124b46349465cd,FEMALE,1992,ACTIVE,Prepaid,Tier_3
7fd791d53f2fe34ef8ff0f5d21c68971,MALE,1962,ACTIVE,Prepaid,Tier_3
d3d655e2ebe42ec2a7e24b259e984946,MALE,1987,ACTIVE,Prepaid,Tier_3
0bd0224b457b447cda9c73b5a968140b,MALE,1974,ACTIVE,Prepaid,Tier_3
eb0836e3698fde191f69554245d48e6f,MALE,1993,ACTIVE,Prepaid,Tier_3
b0284fbbd305ad8f8aa80c1da7e4ab26,,1990,ACTIVE,Prepaid,Tier_3
f979a6589239294085d52ad55fb2927e,MALE,1976,ACTIVE,Prepaid,Tier_3
c10ddcf1459d5821cc24744bdad17469,,1952,ACTIVE,Prepaid,Tier_3
e41c32865065acf9881481503cdf092a,,1972,ACTIVE,Prepaid,Tier_3
2fa1acf95947cdaaa105f8e4bb0a93ca,Male,1968,ACTIVE,Prepaid,Tier_3
52cb1ec83a87bbf399f28121eb6cd04b,MALE,1986,ACTIVE,Prepaid,Tier_3
7d627f62c7ca22f32cdae8255a627081,FEMALE,1969,ACTIVE,Prepaid,Tier_3
d798221a1498dc5625de2cdb39eb2e2c,MALE,1973,ACTIVE,Prepaid,Tier_3
266761395570843dd19a0cb5f6ddd9f2,MALE,1990,ACTIVE,Prepaid,Tier_3
08d07b38f626a785ab4983a1a2f06f70,Male,1982,ACTIVE,Prepaid,Tier_3
383df7b45487eac25a2c8537f26ce603,Male,1978,ACTIVE,Prepaid,Tier_3
2f6e7336a53278d4802187f3dca5d8f1,Not Available,1973,ACTIVE,Prepaid,Tier_3
9c69f879a05e179fd87496d65bb6f0d0,Male,1987,ACTIVE,Prepaid,Tier_3
6290758ca6a72003f4a62a08e7e44f4d,Female,1980,ACTIVE,Prepaid,Tier_3
a968b49d96e5a3bee683b3633c9c7105,Not Available,1987,ACTIVE,Prepaid,Tier_3
7874d28b24a5bfa7474334b80d27a9e8,MALE,1992,ACTIVE,Prepaid,Tier_3
4339251f808d22a3c090a32b5796fb86,Not Available,1979,ACTIVE,Prepaid,Tier_3
cbac56957d774b4832a31ddff5f44b09,,1988,ACTIVE,Prepaid,Tier_3
f500bcdc9c9584d79c9a116981aa0232,Male,1991,ACTIVE,Prepaid,Tier_3
23244a8c6a9e64eca28c8731d4e0873b,Male,1999,ACTIVE,Prepaid,Tier_3
f97b7fd97105c4d7fedc572389b2735b,Male,1994,ACTIVE,Prepaid,Tier_3
f648152bbc4a9d380e3346fa4f0ada03,Not Available,1994,ACTIVE,Prepaid,Tier_3
7da3490e477460b9aaf93edafec34213,Male,1982,ACTIVE,Prepaid,Tier_3
25bf473c27c703b382b6c06396bd379e,Not Available,1997,ACTIVE,Prepaid,Tier_3
7a7b90b531fd591208fd7430788ded9a,Not Available,1985,ACTIVE,Prepaid,Tier_3
1e02709107b6cb85757420572f63dd39,Male,1992,ACTIVE,Prepaid,Tier_3
1fb140f7e11018d7726c18c3d37f1f39,Male,1960,ACTIVE,Prepaid,Tier_3
a6a6aa9d3d6e20e17c9fb9f259c21a63,Female,1994,ACTIVE,Prepaid,Tier_3
c543e085e9a832c96717fc1151085094,Male,1987,ACTIVE,Prepaid,Tier_3
8f90cda55d70e1f4f7a3e51ec61329e3,Female,1988,ACTIVE,Prepaid,Tier_3
c0264333760214b0d0e4156f7d52c3eb,Male,1990,ACTIVE,Prepaid,Tier_3
6ed377bea0dc3601c88477446f7ea5bf,Male,1975,ACTIVE,Prepaid,Tier_3
f1aa8524c3c473a57a1810ecb60b6f34,Male,1975,ACTIVE,Prepaid,Tier_3
06afe2e36e88ba422a3d40e1474e738e,Not Available,1984,ACTIVE,Prepaid,Tier_3
dd4e9aaa6d668e4602ec17c027d38afd,Male,1977,ACTIVE,Prepaid,Tier_3
717564a6fd5db7f20121a6deb158187b,Male,1992,ACTIVE,Prepaid,Tier_3
cc0ddf8669c7619d3ae3c1496c9a105f,MALE,1991,ACTIVE,Prepaid,Tier_3
9db63ab1994f650181ce27eee842a034,Male,1991,ACTIVE,Prepaid,Tier_3
6e266b5cb0cda42193ef7aeba4f30270,Male,1962,ACTIVE,Prepaid,Tier_3
d23efa247a2f7ede4ad7bca82a8e861a,Not Available,1981,ACTIVE,Prepaid,Tier_3
371a441c597806c8e9f091185536e2c6,Male,1997,ACTIVE,Prepaid,Tier_3
8031f6ada255fcf84963c5ff060599b5,Male,1987,ACTIVE,Prepaid,Tier_3
c1f7c87e8c02fcb0fafe137a723d71d0,Female,1980,ACTIVE,Prepaid,Tier_3
ece004533cbc30ae51813155c46410d0,FEMALE,1976,ACTIVE,Prepaid,Tier_3
4e2820a979c9023c62c31cad98436fa1,Female,1982,ACTIVE,Prepaid,Tier_3
428cd8356b3e91a467eca29205a314d0,Not Available,1965,ACTIVE,Prepaid,Tier_3
c106084e449ab07f56333be5b15293af,Not Available,1986,ACTIVE,Prepaid,Tier_3
e06446f04ac48470af78f2e5b515ac03,Male,1978,ACTIVE,Prepaid,Tier_3
fb960c6c7c46689b328f2ac41e9999e1,Not Available,1978,ACTIVE,Prepaid,Tier_3
60b53f99fc3fe84917cab55529319181,Male,1996,ACTIVE,Prepaid,Tier_3
0de54c4b6284fcbedf2b09c321c4b252,MALE,1982,ACTIVE,Prepaid,Tier_3
2fb65f69c3b8aa8c8295ff868470174e,Male,1993,ACTIVE,Prepaid,Tier_3
24081ba56652a54663f8e27b6bb71197,Male,1986,ACTIVE,Prepaid,Tier_3
54b11a2cb0d3a5d7afb5e20679f1318c,Male,1980,ACTIVE,Prepaid,Tier_3
e4ac0c95bfcd46bafaac42559826935c,Not Available,1976,ACTIVE,Prepaid,Tier_3
ba262e916bf7a30fcd4acfc43fe3b01d,Male,1986,ACTIVE,Prepaid,Tier_3
2550066e9d416fa8f868814056b7877f,Not Available,1985,ACTIVE,Prepaid,Tier_3
1bcf3d43d31beb151b01dc64d4b94625,Not Available,1985,ACTIVE,Prepaid,Tier_3
2a226ab190e6d79e76e38e206d07f68f,Male,1994,ACTIVE,Prepaid,Tier_3
7a2cde0ed6568aba50f900a6c2520a4a,Male,1982,SUSPEND,Prepaid,Tier_3
7a2cde0ed6568aba50f900a6c2520a4a,Male,1982,ACTIVE,Prepaid,Tier_3
7597e7d12c645cc9ffcd73a1fd05f138,Male,1947,ACTIVE,Prepaid,Tier_3
937d66c4bda6ef28769dceabe16c5c47,Male,1982,ACTIVE,Prepaid,Tier_3
a200a5c0c088b338e9ddcfe5c49540c5,Male,1992,ACTIVE,Prepaid,Tier_3
c3d2324bc0d7ca1938ff64f6b02c4a91,Female,1967,ACTIVE,Prepaid,Tier_3
d90cde63d8a9d1903509b2164cc158b2,Male,1989,ACTIVE,Prepaid,Tier_3
7a34dfe051b0ecb70c1ef8e80ac75ec2,Male,1989,ACTIVE,Prepaid,Tier_3
b19cffe848a8b9a5732b8fb992b947cf,Male,1967,ACTIVE,Prepaid,Tier_3
d5c32396f8d819d947c44f61653ff5b0,Male,1996,ACTIVE,Prepaid,Tier_3
dfd5293c8533cfe01c583b55a8a929b6,Male,1983,ACTIVE,Prepaid,Tier_3
26ff78e6cc8a108203e31dbe3205fc51,Male,1984,ACTIVE,Prepaid,Tier_3
635e476cfe21be0063dd4d552126a1da,Male,1997,ACTIVE,Prepaid,Tier_3
54d6de9732fadfd8e2bc4c13b0769d39,Male,1960,ACTIVE,Prepaid,Tier_3
28d7da0884b735b60da44db9d1aa80e4,Male,1989,ACTIVE,Prepaid,Tier_3
f8bc79448d663d3013bfa328fdf8fae7,Male,1962,ACTIVE,Prepaid,Tier_3
0f3dfc64f78ef1ffa56ad7a7caf51b06,Male,1983,ACTIVE,Prepaid,Tier_3
30731242c3ef15fd0b9c999b7927dea8,Female,1973,ACTIVE,Prepaid,Tier_3
c3c531252d50b67bf8a0b0e5ad7629ec,Male,1994,ACTIVE,Prepaid,Tier_3
325b9de8517b4ada4c598abbfe66b925,Not Available,1988,ACTIVE,Prepaid,Tier_3
126141d5acb7b86c7866c3f7dc61c1a8,Male,1982,ACTIVE,Prepaid,Tier_3
fda7c8e8e155f5fa2843254e630fa762,Male,1995,ACTIVE,Prepaid,Tier_3
5e23b9d8983a26f2903929259ef27404,Female,1983,ACTIVE,Prepaid,Tier_3
0c02171a3c4de55a1b5708f95df79ee9,Male,1988,ACTIVE,Prepaid,Tier_3
e4452a9b58c7f5350c2b7f4f762b763f,Male,1988,ACTIVE,Prepaid,Tier_3
9941809fc1f9f1d6a8d478547b229af8,Male,1978,ACTIVE,Prepaid,Tier_3
8bccc920c3060e9eabf904d25be9e8d0,Male,1971,ACTIVE,Prepaid,Tier_3
b506f7bd9be09c8ee3fa389d9c607077,Not Available,1987,ACTIVE,Prepaid,Tier_3
6943ad53b6843e0eddfea57bed2fb5c3,Male,1971,ACTIVE,Prepaid,Tier_3
d6ce293ee0b577ad2b6ae61b6447ee5f,Male,1988,ACTIVE,Prepaid,Tier_3
243534aceebfabf069b9ef7a27fb2d11,Male,1964,ACTIVE,Prepaid,Tier_3
9512764d878c22103e9dddf784a29fff,Male,1986,ACTIVE,Prepaid,Tier_3
a700f196d36915a15baf4e951766166a,Male,1981,ACTIVE,Prepaid,Tier_3
0547ffefd4cd5e041ae8e6c15560544d,Male,1996,ACTIVE,Prepaid,Tier_3
3cce411b42c4a3dd4152caf7d8aa6494,Not Available,1985,ACTIVE,Prepaid,Tier_3
158f6dc5f6ffa1353a8e445303160fd7,Not Available,1983,ACTIVE,Prepaid,Tier_3
ef8d1d0ca3d7b2eba66719cb388c69b8,Male,1994,ACTIVE,Prepaid,Tier_3
0838dc09986c0938c583864d57e9085c,Male,1978,ACTIVE,Prepaid,Tier_3
ee97709795758a71614c889b0f0ba3b4,Not Available,1990,ACTIVE,Prepaid,Tier_3
2da716b74836e80d2e291ea77f3581d9,Male,1994,ACTIVE,Prepaid,Tier_3
5eb8d215b4cdebd5fce96526d8d1f2cd,MALE,1994,ACTIVE,Prepaid,Tier_3
afe709e5a1804c7265bd3c4360f6e792,Male,1972,ACTIVE,Prepaid,Tier_3
de227eef6c0f73860a5ffef6ccdd5146,,1986,ACTIVE,Prepaid,Tier_3
05534d643cfc26d03bbf6ea24eaed66f,Not Available,1991,ACTIVE,Prepaid,Tier_3
144dec1f73bee3a316390a5f2a38e943,Male,1989,ACTIVE,Prepaid,Tier_3
eccb50cabeee62c0091b62db3b08073e,Not Available,1970,ACTIVE,Prepaid,Tier_3
b7656a9017e54bfed5e7b3df21f4849d,Male,1986,ACTIVE,Prepaid,Tier_3
81221360b7f5ccdfef6941e7bdace739,Male,1958,ACTIVE,Prepaid,Tier_3
f76029e9cb1f56f87548552e29fa155a,Male,1987,ACTIVE,Prepaid,Tier_3
fd34ffba77666da06b0a1a1d5d7c1a6a,Male,1993,ACTIVE,Prepaid,Tier_3
28d80825ee39bd3b844303e25b0a69b0,,1994,ACTIVE,Prepaid,Tier_3
a33baace679f3334190029cdfa09e2be,Male,1962,ACTIVE,Prepaid,Tier_3
ccc527d7a0ae436225563e56d05b785e,Male,1976,ACTIVE,Prepaid,Tier_3
df9bb00c1a4b027e984e5419adc00c0c,Not Available,1952,ACTIVE,Prepaid,Tier_3
b5b24f2581a96801cc3d228990a6ad46,Not Available,1989,ACTIVE,Prepaid,Tier_3
3028d18019bcae66a5f245ff11f4e7b4,Male,1991,ACTIVE,Prepaid,Tier_3
bbb3698bc50537ff90c253d402ab8eff,Male,1980,ACTIVE,Prepaid,Tier_3
208ffed0969459bde04a99d237bd1d78,Not Available,1989,ACTIVE,Prepaid,Tier_3
2b3ddc75ab0348917d3f1012cfeab936,Male,1988,ACTIVE,Prepaid,Tier_3
6b3441098a363d6af4c389bae5676819,Male,1985,ACTIVE,Prepaid,Tier_3
179f698dcf5338d94d1f413acb8f70a8,Male,1985,ACTIVE,Prepaid,Tier_3
518cc9c60ad4c01ca0e13c5fedf5be1a,,1970,ACTIVE,Prepaid,Tier_3
518cc9c60ad4c01ca0e13c5fedf5be1a,Male,1970,ACTIVE,Prepaid,Tier_3
4ea3a99be7ee5d8683521c65baf51f19,Not Available,1993,ACTIVE,Prepaid,Tier_3
7039163c0ac7aeee16f80a8894c0b2aa,Male,1975,ACTIVE,Prepaid,Tier_3
37fffbad95a4673658b0c055b322caf1,Male,1969,ACTIVE,Prepaid,Tier_3
7edba98555c01ea1aaa7ace5a404d346,Male,1985,ACTIVE,Prepaid,Tier_3
ca7364bb5932109aedb55bb1667638a4,Not Available,1991,ACTIVE,Prepaid,Tier_3
dc839f3c5401d99b747ec010e449aada,Not Available,1981,ACTIVE,Prepaid,Tier_3
9105e6b6a8b7bc86f82663e739b22e1a,Not Available,1988,ACTIVE,Prepaid,Tier_3
de40c4b08c15d58d5fa576eb54b92f58,Male,1972,ACTIVE,Prepaid,Tier_3
df730ef269619776d56b5ba7f64e1073,Not Available,1972,ACTIVE,Prepaid,Tier_3
f33cbbcac0b04a6ace8b1d9361fef652,Male,1995,ACTIVE,Prepaid,Tier_3
aadb6a5b3e9eba6ab5bf13775267c3f6,Male,1987,ACTIVE,Prepaid,Tier_3
58b12bd23c0a8fc11360223463bab259,Male,1995,SUSPEND,Prepaid,Tier_3
58b12bd23c0a8fc11360223463bab259,Male,1995,ACTIVE,Prepaid,Tier_3
ab2373185b2c209ab453642eba14ee0e,Male,1964,ACTIVE,Prepaid,Tier_3
ceea2e0f117668239472ba64b00e0086,Male,1992,ACTIVE,Prepaid,Tier_3
966658b9ed37fea87fdfb74519da7c1a,Male,1975,ACTIVE,Prepaid,Tier_3
f0609469755738cf4db757ea12954b53,Male,1986,ACTIVE,Prepaid,Tier_3
f5f518c70f2ac577dbffa008150e6834,Male,1984,ACTIVE,Prepaid,Tier_3
fe33a582f6f5d57f033c50323450b747,Male,1984,ACTIVE,Prepaid,Tier_3
5161251dbe4385eab93046d12992952c,Not Available,1983,ACTIVE,Prepaid,Tier_3
8869aa0b9c98c5cd6e09bbe29986d00f,MALE,1988,ACTIVE,Prepaid,Tier_3
0f9fef14ce81518c0c523b560626a934,Female,1977,ACTIVE,Prepaid,Tier_3
0f9fef14ce81518c0c523b560626a934,Female,1977,SUSPEND,Prepaid,Tier_3
477063b04acbc14bd74a1d4aef001845,MALE,1985,ACTIVE,Prepaid,Tier_3
f7206578cbdc82037f69208e9c8e7d86,Male,1962,ACTIVE,Prepaid,Tier_3
71e9023583c1366402457a126b12070b,Not Available,1967,ACTIVE,Prepaid,Tier_3
f99d9cb96a82a75d47644076cd6e12f9,MALE,1966,ACTIVE,Prepaid,Tier_3
d1b3d3592149329c552c7060c236b494,Male,1989,ACTIVE,Prepaid,Tier_3
e6d8178ac70c3c7546a0f985705c4a6e,Male,1995,ACTIVE,Prepaid,Tier_3
1831078a913397f0fb52ef1d4a634aa7,Male,1980,ACTIVE,Prepaid,Tier_3
91bc14adc98663c959a8281fb6f9265e,Male,1985,ACTIVE,Prepaid,Tier_3
5687c86d580f0971eeec5760779ad365,Male,1975,ACTIVE,Prepaid,Tier_3
5578065caa07e93232ab48d6b38c7f9e,Not Available,1962,ACTIVE,Prepaid,Tier_3
bb06ec0e633311a19bcd29d41e265412,Male,1986,ACTIVE,Prepaid,Tier_3
8d5b4ef787781035120dfe1e4f98a045,Male,1967,ACTIVE,Prepaid,Tier_3
733a0379bfd8a0d32397c0cb5400b03e,Male,1960,ACTIVE,Prepaid,Tier_3
b9d2a735f625c90bd5ae4048519dedc4,Male,1990,ACTIVE,Prepaid,Tier_3
1ccf6a151153d0c49635b7679042a179,Female,1963,ACTIVE,Prepaid,Tier_3
fbe0ed739c5ad1934a9af186353ea149,Male,1988,ACTIVE,Prepaid,Tier_3
d08ecfdf2f42badc82f0e777fb2d9cc0,Male,1975,ACTIVE,Prepaid,Tier_3
a927dd48550ca5b4c1f341e3d06c4cfe,Not Available,1989,ACTIVE,Prepaid,Tier_3
11cb65daf1dc25149e077ae47e91bf32,Male,1995,ACTIVE,Prepaid,Tier_3
cc8006328e84c3dc6908676735bde9fd,Male,1986,ACTIVE,Prepaid,Tier_3
51e8c24b4bb2a0cfbbf94ed3e8d6a270,Male,1959,ACTIVE,Prepaid,Tier_3
815c8c5569047bc71496ea7e7c60acb7,MALE,1988,ACTIVE,Prepaid,Tier_3
93720a4aa5049f308aad17310239651c,Male,1970,ACTIVE,Prepaid,Tier_3
33b88bf5d9fd815ce6f723b2754050dd,Male,1987,ACTIVE,Prepaid,Tier_3
142dc3346a812ac4d2ba92c6d9245318,Male,1997,ACTIVE,Prepaid,Tier_3
b968b0af37f0caf5923e1b0a450bc0fe,Female,1985,ACTIVE,Prepaid,Tier_3
0178b0d367e5670e0c93e6f040930c2a,Male,1975,ACTIVE,Prepaid,Tier_3
0d2d93f55c28d9fec718f1099039360b,Not Available,1994,ACTIVE,Prepaid,Tier_3
1c93597871b5c61ec5da04156e7acdf7,Male,1991,ACTIVE,Prepaid,Tier_3
b5b40ec0ad0dbeaece5d570f637e19c3,Male,1989,ACTIVE,Prepaid,Tier_3
94eca3e9b553ef9d7017cefb2cd50d5a,Not Available,1976,ACTIVE,Prepaid,Tier_3
0df62e16cc7114300d6ba1bae62bd6b7,Not Available,1992,ACTIVE,Prepaid,Tier_3
4dc9bb5cdaac73ca7bcfce9c26efb751,Male,1979,ACTIVE,Prepaid,Tier_3
1b63737fbde1b2cb7a3062f741a756d7,Male,1986,ACTIVE,Prepaid,Tier_3
86b6750f5e5c764efab8351311abf5ba,Not Available,1996,ACTIVE,Prepaid,Tier_3
9785d5879b3f822ce174d96ac66044ea,Not Available,1989,ACTIVE,Prepaid,Tier_3
11b90b0ab95861aef0e765fb9bd96403,Male,1991,ACTIVE,Prepaid,Tier_3
f06610a8492c1fc0bdc365f8cdeae232,Male,1968,ACTIVE,Prepaid,Tier_3
a073fac7618f618b54216af8fa6b4c01,Not Available,1993,ACTIVE,Prepaid,Tier_3
80714add5401fd8153598c9c0510dcc9,Male,1996,ACTIVE,Prepaid,Tier_3
d75342890510d516b0f756ac9a6a8e01,Male,1983,ACTIVE,Prepaid,Tier_3
49833dd56bf3d93f7a87cbd61b7915e9,Male,1982,ACTIVE,Prepaid,Tier_3
9abd999038f19752ca12c96cd3453715,MALE,1967,ACTIVE,Prepaid,Tier_3
fefb97b0705d09031fcb44d76395763d,Not Available,1994,ACTIVE,Prepaid,Tier_3
3a18bcd7c1697bbdc8d810e5c27b630d,Not Available,1994,ACTIVE,Prepaid,Tier_3
84cd35de091a2e0af8aaaa26a68975e2,Male,1989,ACTIVE,Prepaid,Tier_3
d7aa6f791eccc0b04c011dff679a3c1b,Male,1996,ACTIVE,Prepaid,Tier_3
5de71a8c8c5cd672150276c2d5ca6b22,Male,1994,ACTIVE,Prepaid,Tier_3
359135967ec2af616c70e5b2354a6b07,MALE,1988,ACTIVE,Prepaid,Tier_3
5ae5f13d19b80a74bef3bd68cc58eaed,Not Available,1978,ACTIVE,Prepaid,Tier_3
36873d32455a68cd879bcfe5e33f2acb,Male,1996,ACTIVE,Prepaid,Tier_3
cdb768b72395aadd6b1b70a5ac0b96d5,Male,1981,ACTIVE,Prepaid,Tier_3
8d3802221b894152dd76c8ecb803a090,Male,1983,ACTIVE,Prepaid,Tier_3
1ef229be2535dbcd2b2153115692ebf3,Male,1989,ACTIVE,Prepaid,Tier_3
bdb451f0c11d138c3f75d088f1d0e886,Not Available,1975,ACTIVE,Prepaid,Tier_3
3088fc2b03bdcc448ebeb9f7bfb40724,Male,1982,ACTIVE,Prepaid,Tier_3
e4cf8277384b328d68b0a6f9a1849192,Male,1994,ACTIVE,Prepaid,Tier_3
9056d91e17b65d97e0c58f6b7312003f,Male,1962,ACTIVE,Prepaid,Tier_3
003b01b99af509ebc6276439ae05bc79,Male,1989,ACTIVE,Prepaid,Tier_3
4775be61927c60f826407fef69104ac3,Male,1978,ACTIVE,Prepaid,Tier_3
422c8cd5b5576a8a4f569d32c073fba1,Not Available,1985,ACTIVE,Prepaid,Tier_3
631f112a4a17593bc9c4329839959732,Male,1967,ACTIVE,Prepaid,Tier_3
31619a340a732e91cb87f1c08ce861c2,Male,1996,ACTIVE,Prepaid,Tier_3
fb987ab7b16764fdc0d5af12a799f61a,Not Available,1983,ACTIVE,Prepaid,Tier_3
489cb7a5cb951910e13d499d03360ae1,Male,1988,ACTIVE,Prepaid,Tier_3
2b38b9b36680bbf7a8791e24b14bf73d,Not Available,1969,ACTIVE,Prepaid,Tier_3
1024cbeda2d77db20ca7f5c1ca4dc83e,Male,1987,ACTIVE,Prepaid,Tier_3
c4f8828a28c38c1fce4d67c0174bfd3f,Female,1992,ACTIVE,Prepaid,Tier_3
c7482505781538f5cb0ae91eca552c62,Not Available,1982,ACTIVE,Prepaid,Tier_3
c5d20455c998da1b1e604311b6c4bf22,Male,1985,ACTIVE,Prepaid,Tier_3
001730b0f34bc75843e983ed32d6bb48,Male,1960,ACTIVE,Prepaid,Tier_3
8cef9a27788107b331674883eb7982af,Male,1980,ACTIVE,Prepaid,Tier_3
0c6817898512d6da6edc2d277a6bf3cb,Male,1985,ACTIVE,Prepaid,Tier_3
d0254af206be035ff6414555dbbd45b2,Male,1982,ACTIVE,Prepaid,Tier_3
64d0059b38548c614edcf2984792f7ce,Male,1985,ACTIVE,Prepaid,Tier_3
12641d03bdcd3710483178a2f2ac3950,FEMALE,1988,ACTIVE,Prepaid,Tier_3
565713a6320d0d8636913f92967d073b,Male,1982,ACTIVE,Prepaid,Tier_3
513b2b09e236b4231358f26857c304c6,Male,1978,ACTIVE,Prepaid,Tier_3
9baa893224abba37ccf0c8309bc4b306,Male,1970,ACTIVE,Prepaid,Tier_3
b1c950a6f42fe03d66165c30ca010bd8,Female,1969,ACTIVE,Prepaid,Tier_3
87c609f5065fcac32d533ac8efb0a9b9,Male,1957,ACTIVE,Prepaid,Tier_3
8c708e07c8756b8610d6e616fd473b5c,Not Available,1982,ACTIVE,Prepaid,Tier_3
72e0056b3952e6e07bc18a134181f111,Male,1981,ACTIVE,Prepaid,Tier_3
13ddf87b3bf46c354226bf8455846f1e,Male,1988,ACTIVE,Prepaid,Tier_3
ad13f8313141309f9091d80fbd64aa02,Male,1972,ACTIVE,Prepaid,Tier_3
6ebe95ac37555331b1001e09e3f0fe23,Male,1973,ACTIVE,Prepaid,Tier_3
7b144b433e728b8660b85358624cc674,Female,1982,ACTIVE,Prepaid,Tier_3
15f6f74e1b4169fe27fa30fe11ba99a1,Male,1995,ACTIVE,Prepaid,Tier_3
d531ef9e69e541acc773a0b00cfc8837,Not Available,1985,ACTIVE,Prepaid,Tier_3
c2d497abb121af1bc4a53d8671a8f3ec,Male,1989,ACTIVE,Prepaid,Tier_3
73e2c6e5d862da264363dde26e705159,Not Available,1988,ACTIVE,Prepaid,Tier_3
1a1c07a9b05c0c73d1ccea54cff68314,,1995,ACTIVE,Prepaid,Tier_3
a5baeceff4d7292bc41402fa995c9137,Not Available,1994,ACTIVE,Prepaid,Tier_3
1e7ef5c15a926c84bc942b7f62e8b655,Female,1976,ACTIVE,Prepaid,Tier_3
cb4e3cbbe606c96b04dc7aca55c21905,FEMALE,1972,ACTIVE,Prepaid,Tier_3
88a2abb5cd6d0737cc1720eb8b48324d,Female,1966,ACTIVE,Prepaid,Tier_3
0e373e08c49e9f74e2e89b46bce45e19,Female,1977,ACTIVE,Prepaid,Tier_3
60d5eaf9237837ea5bb093354aac84e1,Not Available,1989,ACTIVE,Prepaid,Tier_3
feaa24ab77adeffa3de438ec42c5a31f,Male,1985,ACTIVE,Prepaid,Tier_3
7809c526ad303f94a194b9bf7e90e621,Female,1987,ACTIVE,Prepaid,Tier_3
2f40ff56423f5d7c21a8fb032f527110,Male,1978,ACTIVE,Prepaid,Tier_3
670e8b80530b97944d97655643f6fa93,Female,1975,ACTIVE,Prepaid,Tier_3
c15f0ddeaea72eaed5de6fd93734e662,Male,1967,ACTIVE,Prepaid,Tier_3
ebe24ecd47d960be07334564b685dc5d,Male,1982,ACTIVE,Prepaid,Tier_3
a42bc1f0e6049c38e7b7f3f0db855915,Male,1947,ACTIVE,Prepaid,Tier_3
6328001e670ab7b81757b3f945bfb7a7,Not Available,1991,ACTIVE,Prepaid,Tier_3
f398937f03bf87535483a071a0dae087,Male,1995,ACTIVE,Prepaid,Tier_3
6bef7dceb4c21fa963a6fd8d2a0b2a74,Male,1973,ACTIVE,Prepaid,Tier_3
c531116c0299bc0f59a7f157b22ef429,,1990,ACTIVE,Prepaid,Tier_3
c531116c0299bc0f59a7f157b22ef429,Male,1990,ACTIVE,Prepaid,Tier_3
f4e63283207f02654c012fb0aab85f0a,MALE,1982,ACTIVE,Prepaid,Tier_3
923a5f9229f00f3e565cac2813efe3c7,Male,1990,ACTIVE,Prepaid,Tier_3
09e86f947ce8c7cbe5d51483b93279da,Male,1986,ACTIVE,Prepaid,Tier_3
c53715e865974429065e7485b275597e,Male,1982,ACTIVE,Prepaid,Tier_3
c16c352d43923744db78ac4d27393283,Male,1967,ACTIVE,Prepaid,Tier_3
af3e0a7e8b5f8990aaace35c22df4911,,1988,SUSPEND,Prepaid,Tier_3
af3e0a7e8b5f8990aaace35c22df4911,,1988,ACTIVE,Prepaid,Tier_3
a369427caf5f85381349b362a4f86dcf,Male,1993,ACTIVE,Prepaid,Tier_3
a939fe71b5ef93154be56fe3e793ffb6,Female,1970,ACTIVE,Prepaid,Tier_3
d5336ca55da691fa11f362974aab226d,Male,1977,ACTIVE,Prepaid,Tier_3
e17be0adac62f7c67230c1ea48289fc3,Male,1983,ACTIVE,Prepaid,Tier_3
97d99637db3e743865c2790cb2aaa87a,MALE,1983,ACTIVE,Prepaid,Tier_3
bd04fc62bf1d20ddaf69ad0f6268d410,FEMALE,1971,ACTIVE,Prepaid,Tier_3
ef1ccf9cbc5c2cb9e0b4705c8bc56572,Female,1988,ACTIVE,Prepaid,Tier_3
48174f3b6ea8323bd230238b1ea5d15a,Not Available,1995,ACTIVE,Prepaid,Tier_3
3c7b3036e22863fdbc19d93643448112,Male,1975,ACTIVE,Prepaid,Tier_3
d9070879dc627f0cd65d251bbb05240d,Male,1983,ACTIVE,Prepaid,Tier_3
067a2daed1c1cf7f1d601bd92174ade9,Male,1978,ACTIVE,Prepaid,Tier_3
c640bea2c4a244084f4486d65ea2d608,Male,1997,ACTIVE,Prepaid,Tier_3
417ca74afdef13e6f02b2631fea146d3,Not Available,1969,ACTIVE,Prepaid,Tier_3
08da9b0b8670662068b31413b5d75267,Male,1990,ACTIVE,Prepaid,Tier_3
30e32df83e681995206e45f56b2373b6,Not Available,1983,ACTIVE,Prepaid,Tier_3
f9f14d6db28e866c6c697333f1e8c62c,Male,1967,ACTIVE,Prepaid,Tier_3
3c898b9d57337c73ab0618ab98f2d827,Not Available,1991,ACTIVE,Prepaid,Tier_3
84c756a5b2191be9008e543d4f3972b4,Male,1985,ACTIVE,Prepaid,Tier_3
6aad49d36aaef366c92afade96595015,Male,1995,ACTIVE,Prepaid,Tier_3
b3221e2ff1b5a65a36784a1070cf922c,Male,1978,ACTIVE,Prepaid,Tier_3
a4e0ed7fde8ac855c38cb006dd50794f,Not Available,1972,ACTIVE,Prepaid,Tier_3
774fb8f41d2f78bb84058e048da009f6,Male,1992,ACTIVE,Prepaid,Tier_3
9d3c0e80de8782b09b81d2c0cfd0a826,Female,1982,ACTIVE,Prepaid,Tier_3
596822c74658696ca7a33b65eaf3ab2a,Male,1964,ACTIVE,Prepaid,Tier_3
8383827235b3c538342fa4f48439adf4,FEMALE,1984,ACTIVE,Prepaid,Tier_3
972589f8175335472ca423c0e07d1c4a,Male,1998,ACTIVE,Prepaid,Tier_3
66b1a8c7dd5bb25b9111e3d2a519fe13,Not Available,1958,ACTIVE,Prepaid,Tier_3
3ca9d17c411163ff5bc93a816892b2b1,Male,1973,ACTIVE,Prepaid,Tier_3
39c8fe56783c84c5fcca354cf54c2a68,Not Available,1983,ACTIVE,Prepaid,Tier_3
a54cad5beb9adeb7c86aab2c582b4f2c,Male,1997,ACTIVE,Prepaid,Tier_3
af1ed24de6708b5d0dcfdd22569be738,MALE,1997,ACTIVE,Prepaid,Tier_3
a384501a3a2d33dda6223883a8234f20,Male,1996,ACTIVE,Prepaid,Tier_3
ca424598abde7d6e701cfd950637fa9a,Male,1979,ACTIVE,Prepaid,Tier_3
bedef15de4ea8d9eb9c4e688a6914d2e,Male,1972,ACTIVE,Prepaid,Tier_3
98600bad02c0d2ee8c3079e52ca1b6b2,FEMALE,1988,ACTIVE,Prepaid,Tier_3
f192f41831663163b6bf4f075cdf0c75,MALE,1986,ACTIVE,Prepaid,Tier_3
44d2f0822dd34db8dc40ee0a2f35c9e9,Male,1985,ACTIVE,Prepaid,Tier_3
ae2b1b83a25e353527510c7d554b7993,Not Available,1992,ACTIVE,Prepaid,Tier_3
35785486c33a633ed6d48e30599130a5,Male,1982,ACTIVE,Prepaid,Tier_3
103264b8a810cdb8f94c721fac142950,Not Available,1978,ACTIVE,Prepaid,Tier_3
ee2faee8d1dbf543aa85191b7178c45b,Male,1976,ACTIVE,Prepaid,Tier_3
91a9facb2f99a27a00e958aeab63acb6,Female,1978,ACTIVE,Prepaid,Tier_3
e7928adff15c91e7abb1d2031a229154,Male,1992,ACTIVE,Prepaid,Tier_3
fce846d1fa75727a19240b2634e1ef7c,Male,1987,ACTIVE,Prepaid,Tier_3
37863497cd654b5488fe86c67594b01e,Male,1984,ACTIVE,Prepaid,Tier_3
1a4450d3e782c4cd6b789fc9dd950432,Male,1989,ACTIVE,Prepaid,Tier_3
670aa804f7f0e482b9ea75124fa1c193,Male,1995,ACTIVE,Prepaid,Tier_3
06c337246703b2ab63422201de112896,Male,1995,ACTIVE,Prepaid,Tier_3
7867a0931d41b51f817e6d5c1c981eb6,Female,1987,ACTIVE,Prepaid,Tier_3
fd3af054322be7888200f52e1b3c69f2,Male,1994,ACTIVE,Prepaid,Tier_3
50e70697daa76d58b7867673c8297f20,,1963,ACTIVE,Prepaid,Tier_3
50e70697daa76d58b7867673c8297f20,Male,1963,ACTIVE,Prepaid,Tier_3
c3bd561b1e83b5d8d53a06eb6c960965,Male,1998,ACTIVE,Prepaid,Tier_3
6d756f8b4ae46236d1e484dcc3866a31,Male,1992,ACTIVE,Prepaid,Tier_3
97b19a269bf64de0db3f34a6218861bc,Male,1988,ACTIVE,Prepaid,Tier_3
23a437e8af50aacf31e94c34bb687dcd,Male,1978,ACTIVE,Prepaid,Tier_3
fe57ed4626db0f612b6aeb9f581e060a,Male,1983,ACTIVE,Prepaid,Tier_3
cb9bd708e3b82bb7807d9bda9cee17bd,Male,1998,ACTIVE,Prepaid,Tier_3
e0e34d51e4e3e86510106029621facf5,Male,1988,ACTIVE,Prepaid,Tier_3
8e75087935253ea8ea345eff2acdcb82,Male,1979,ACTIVE,Prepaid,Tier_3
42731e93f5ded446c2faee58b9f3f5b6,,1987,ACTIVE,Prepaid,Tier_3
42731e93f5ded446c2faee58b9f3f5b6,Male,1987,ACTIVE,Prepaid,Tier_3
8192699669cb5aa8b776c9b858bdf08a,Male,1990,ACTIVE,Prepaid,Tier_3
85d047ea40dc0ebdade01fc06017b4b9,Male,1975,ACTIVE,Prepaid,Tier_3
4af035f69b6fba6fe3cc90461966e19e,Male,1998,ACTIVE,Prepaid,Tier_3
5656267357f31152707632b2c9773f70,Male,1979,ACTIVE,Prepaid,Tier_3
94aada132c3727218daae3d0db373890,Male,1971,ACTIVE,Prepaid,Tier_3
3ece4363711296302b4336997850c8ed,Male,1992,ACTIVE,Prepaid,Tier_3
4a57c39aaa85c9d25cf748501aad559a,Male,1979,ACTIVE,Prepaid,Tier_3
2674f4fbe6a3caca72ebba0ff3412be8,Male,1994,ACTIVE,Prepaid,Tier_3
316ee94bcb5fe9df0f2596b007f43207,Male,1992,ACTIVE,Prepaid,Tier_3
805423ba4460f8fb0b646839380509fc,Male,1978,ACTIVE,Prepaid,Tier_3
8446416f19ef2da88b08da42f3ee1326,Female,1994,ACTIVE,Prepaid,Tier_3
4826583f777afead792b47093ab68119,Male,1996,ACTIVE,Prepaid,Tier_3
5baf0fcd579933c8d8885be73b11e063,Male,1980,ACTIVE,Prepaid,Tier_3
9e2017a723effad4a355ba33cff2b9cf,Female,1981,ACTIVE,Prepaid,Tier_3
a25c3c5b7ff28e09e5fd74521ea37c0f,Male,1997,ACTIVE,Prepaid,Tier_3
848904f772fbe9d3bdb423aeaed7897f,Male,1978,ACTIVE,Prepaid,Tier_3
8226e7a9b5f66ef3399247529d2fbe4b,Male,1997,ACTIVE,Prepaid,Tier_3
0a1a394d48963b7b267e6c992f74ead8,Male,1994,ACTIVE,Prepaid,Tier_3
05109b4ea1d247af9d3154c0b4e48e27,Female,1986,ACTIVE,Prepaid,Tier_3
bb69adc64b29b0f45a229f2ab9ea6062,Male,1997,ACTIVE,Prepaid,Tier_3
b960d29aa807db8a7b95597b5838813c,Male,1994,ACTIVE,Prepaid,Tier_3
cf1e788c56b7ac1c79c8eff8d4874033,Male,1966,ACTIVE,Prepaid,Tier_3
4e0c0a53bf6fc13602560ffb381fd4fa,Male,1988,ACTIVE,Prepaid,Tier_3
e8a67f7a1e26b79319499567344a819f,Male,1990,ACTIVE,Prepaid,Tier_3
f0719a2d0c1c8be46b45d209d7a45428,Male,1964,ACTIVE,Prepaid,Tier_3
6b47ce1326b8c2eb04f418c9a00ac265,Male,1988,ACTIVE,Prepaid,Tier_3
23b258ca376bef6b5f30d2444eb40847,Male,1993,ACTIVE,Prepaid,Tier_3
1e0b0a41a3de6533b8be4b0d17e77734,Male,1988,ACTIVE,Prepaid,Tier_3
efd6273d803d75551effdbc5225d5006,Female,1947,ACTIVE,Prepaid,Tier_3
74e9d047860225b63497504d2637c9d9,Female,1984,ACTIVE,Prepaid,Tier_3
13285607b0bc1e6bc6edfa8f416f641a,Male,1965,ACTIVE,Prepaid,Tier_3
eddc6082ac41caa18108184b53d03bbe,Male,1992,ACTIVE,Prepaid,Tier_3
87e1ef31b2b13bde57fe7bc39beb1910,Male,1983,ACTIVE,Prepaid,Tier_3
87e1ef31b2b13bde57fe7bc39beb1910,,1983,ACTIVE,Prepaid,Tier_3
45bf4457615b8f1be3c9a6ef3dc2367c,Male,1975,ACTIVE,Prepaid,Tier_3
f413e3dba065cd2c986c5c072e6d8fd9,Male,1983,ACTIVE,Prepaid,Tier_3
ce671ef2c939c2c1bc322030bc37e9c2,Male,1982,ACTIVE,Prepaid,Tier_3
458c5685d084a86f8bc206df37750563,Male,1957,ACTIVE,Prepaid,Tier_3
beeeddb18241469c696609bd98789bbd,Male,1985,ACTIVE,Prepaid,Tier_3
4c7bcef7edc4b644d62a8e657e6e9707,Male,1987,ACTIVE,Prepaid,Tier_3
610013dc8cc3d45531c9fe36087116e6,Female,1993,ACTIVE,Prepaid,Tier_3
ef9f2e3fb95478daa50952342e3d87cc,Male,1982,ACTIVE,Prepaid,Tier_3
a8e6e26559490696b6fe9461cdc9ccd3,Male,1963,ACTIVE,Prepaid,Tier_3
ca3f5ff80b5bd163eac60aa966552d49,Male,1989,ACTIVE,Prepaid,Tier_3
da3c78ab0e4d32f4d6a9fb182d53900d,Male,1982,ACTIVE,Prepaid,Tier_3
9d0f7a4039cf6db66722a0211e6efe25,Male,1992,ACTIVE,Prepaid,Tier_3
9917fe730e706b228cf639615cdd0f59,Male,1985,ACTIVE,Prepaid,Tier_3
898509c6dfbf1a55d9a7266d9e7bb68d,Male,1994,ACTIVE,Prepaid,Tier_3
ff9653ab3e131dc9b68a079fdee6ac5a,Female,1989,ACTIVE,Prepaid,Tier_3
dabac416fcf504345ac7eefa51d57984,Male,1990,ACTIVE,Prepaid,Tier_3
02f6bd76f416703cec3b62c09d9274fa,Male,1970,ACTIVE,Prepaid,Tier_3
ca387515a1ab133288507a183fbf83b8,Male,1964,ACTIVE,Prepaid,Tier_3
44a6a475edc6dcac488f4dc97aaa5f00,Male,1991,ACTIVE,Prepaid,Tier_3
dd455df44504990a5e9b2b96a7b2ef1e,Male,1982,ACTIVE,Prepaid,Tier_3
ad7a71722ff993d4e5dbec7b8fe26035,Male,1988,ACTIVE,Prepaid,Tier_3
9c0d2d1d7d3d5a0e51c9bd71ed6bbba6,Male,1983,ACTIVE,Prepaid,Tier_3
5616a37f07ba6daf4fb1adddccc79888,Male,1979,ACTIVE,Prepaid,Tier_3
63310e0a413b8df5161ac27544b19701,Male,1988,ACTIVE,Prepaid,Tier_3
1bcf752cf44e8c55da0ede6f46b13f70,Male,1970,ACTIVE,Prepaid,Tier_3
3ed6d6150917745b71ff44e73e681acb,Male,1989,ACTIVE,Prepaid,Tier_3
78ec759d87e4b1b90bd50e3e028f3d38,Male,1971,ACTIVE,Prepaid,Tier_3
71a249bccdea840038ff08ce94d6ae12,Male,1976,ACTIVE,Prepaid,Tier_3
4d0df4f0b24f7a94c68defab51d95ba8,Male,1984,ACTIVE,Prepaid,Tier_3
1ad9fc5b1eb55cee6ec21d6e4d84d714,Male,1985,ACTIVE,Prepaid,Tier_3
72816db7460cce84f65cb872e3dfafeb,Male,1966,ACTIVE,Prepaid,Tier_3
6479c4db58a1a0acf8673ead51a90910,Male,1990,ACTIVE,Prepaid,Tier_3
3d7f0b9e46235c7e5c8f553964c4b27f,Male,1987,ACTIVE,Prepaid,Tier_3
b26f4e0ca9afa9c34c9e995a176d60ca,Male,1975,ACTIVE,Prepaid,Tier_3
a264bd92d592819667a838d2162b4e5b,Female,1984,ACTIVE,Prepaid,Tier_3
70ee236e12f5140766949cefa774d673,Male,1988,ACTIVE,Prepaid,Tier_3
03056a3021a26c85bb6b340c7961fb51,Female,1977,ACTIVE,Prepaid,Tier_3
136f1d484f644a349d55857f12d1f7a4,Male,1992,ACTIVE,Prepaid,Tier_3
03041ba66d06fb67a2416c5fe34c61bb,Male,1982,ACTIVE,Prepaid,Tier_3
e2c0effacb1f425f3a86404c82268bb7,Male,1972,ACTIVE,Prepaid,Tier_3
5b8be9bef153308f8e2df46c73952cfd,Male,1985,ACTIVE,Prepaid,Tier_3
a0ccaae077e050f7ae67950d04ff3f44,Female,1973,ACTIVE,Prepaid,Tier_3
d8832d235bae6a0cd4f7283481da6f2b,Male,1989,ACTIVE,Prepaid,Tier_3
126dbdaf6e24819c67ab278d91e85329,Male,1977,ACTIVE,Prepaid,Tier_3
4d9d0824c2c186ddf0904c36b2e247c6,Male,1996,ACTIVE,Prepaid,Tier_3
f12f3b202464c2d125f56cc5883e4d67,Male,1989,ACTIVE,Prepaid,Tier_3
b937c7f67b0be2c84c3e2056574baf7e,Male,1988,ACTIVE,Prepaid,Tier_3
86589c30b6ae28d4ff18e00702004af2,Male,1995,ACTIVE,Prepaid,Tier_3
86589c30b6ae28d4ff18e00702004af2,,1995,ACTIVE,Prepaid,Tier_3
2ae744626219b45f766cde735f7c2643,Male,1999,ACTIVE,Prepaid,Tier_3
8c82c5b34e565660be3efc99c8b4a182,Male,1975,ACTIVE,Prepaid,Tier_3
7aaad9f856933054e8af843ab957b286,Male,1984,ACTIVE,Prepaid,Tier_3
6f4dde3afcadf42ff2889a15d5972335,Male,1974,ACTIVE,Prepaid,Tier_3
c2304e9512ea0d72af75860975f2066f,Female,1962,ACTIVE,Prepaid,Tier_3
63f7c07c331e05567905b1476ce25fe8,Male,1993,ACTIVE,Prepaid,Tier_3
734c8f74c4f9f37d91f3a8c0f93ebc66,Male,1993,ACTIVE,Prepaid,Tier_3
7a798ad363b40f1f06cc8e6da8c082f9,Male,1993,ACTIVE,Prepaid,Tier_3
ad186eec0df8e2727caa7cdc5903a272,Female,1992,ACTIVE,Prepaid,Tier_3
ac99466a63cc3330c09a9f4914bff70f,Female,1984,ACTIVE,Prepaid,Tier_3
7732480afc27858948508fd781a81ca6,Male,1986,ACTIVE,Prepaid,Tier_3
7732480afc27858948508fd781a81ca6,,1986,ACTIVE,Prepaid,Tier_3
357c03cc5271fd38695807c1ea3b6555,Female,1994,ACTIVE,Prepaid,Tier_3
a72583e67d463ce9dbf67d0a5fb05f06,,1988,ACTIVE,Prepaid,Tier_3
a72583e67d463ce9dbf67d0a5fb05f06,Female,1988,ACTIVE,Prepaid,Tier_3
6d3df3e30015feac7965468007c3b38a,Male,1985,ACTIVE,Prepaid,Tier_3
4063094613f1f2ab16a30e6f4cf45468,Male,1992,ACTIVE,Prepaid,Tier_3
492f59fe9dab8c970bf6403a972efa86,Male,1983,ACTIVE,Prepaid,Tier_3
fe65812fe769ccdcccc2f6708b7d0e4a,Male,1977,ACTIVE,Prepaid,Tier_3
3a727020f7fa9d8dd2c2849dd504d0ef,Male,1993,ACTIVE,Prepaid,Tier_3
5dcd6ea6ede4621592a520696b3d7adf,Male,1988,ACTIVE,Prepaid,Tier_3
5dcd6ea6ede4621592a520696b3d7adf,,1988,ACTIVE,Prepaid,Tier_3
0c1c99a56bc2b1bd38691210a27e0587,Female,1967,ACTIVE,Prepaid,Tier_3
96ad26f63815ed6215eef8757796d7d9,Male,1975,ACTIVE,Prepaid,Tier_3
8362d7c14b743da099fb7fb516c1f39a,Male,1985,ACTIVE,Prepaid,Tier_3
513540a2a5a049508079131dceb9fba1,Male,1969,ACTIVE,Prepaid,Tier_3
ec9d286c053fb3a6759a6dae0af9dd87,Male,1987,ACTIVE,Prepaid,Tier_3
83d4692d64dd3cae33edb81d3000b598,Female,1973,ACTIVE,Prepaid,Tier_3
2d8b429c56222390f52c4c5c88501d9f,Male,1983,ACTIVE,Prepaid,Tier_3
d7622ad02dabc32548aae5ceb9438439,Male,1964,ACTIVE,Prepaid,Tier_3
97326144b89bd6c3ae02cc943851fadd,Male,1977,ACTIVE,Prepaid,Tier_3
9c73668d26c7412dc02a1633a8fa3ac0,Male,1992,ACTIVE,Prepaid,Tier_3
c2196d4acd989e134861ed0fcfa726ff,Male,1984,ACTIVE,Prepaid,Tier_3
1e2784ca89f7e7490d24c6231d1e54c3,Male,1994,ACTIVE,Prepaid,Tier_3
649091a91e9b3504060ba709c6b6871f,Male,1965,ACTIVE,Prepaid,Tier_3
c57249ee1422154189dce1020bd1f1c5,Female,1972,ACTIVE,Prepaid,Tier_3
e188ebf00bd0ef0b2367e7ec36babfc6,Male,1985,ACTIVE,Prepaid,Tier_3
f3456e18c1aac21ea5e910c4917a300f,Female,1974,ACTIVE,Prepaid,Tier_3
49c46fa5603b41a0c63b0e2f0b06213c,Male,1982,ACTIVE,Prepaid,Tier_3
f37c8f2962843aa88486e5ca78a9cbfc,Male,1989,ACTIVE,Prepaid,Tier_3
8fd68625189a7278ddd71095c8574745,Male,1998,ACTIVE,Prepaid,Tier_3
7189155be336475983eb9b3176329985,Female,1982,ACTIVE,Prepaid,Tier_3
de8bb02b99d8076123771252115aee64,Male,1987,ACTIVE,Prepaid,Tier_3
33ebfefc527dcf770605ee07a8d3d95b,Female,1952,ACTIVE,Prepaid,Tier_3
a3d44628f388a48abcca4bb028952659,Male,1979,ACTIVE,Prepaid,Tier_3
c64fd001174b953a0d6d53e99898e8c8,Male,1980,ACTIVE,Prepaid,Tier_3
0e9c58fa76708b29cc1e0f7aafb3bb00,Male,1985,ACTIVE,Prepaid,Tier_3
78b1c009c211aa26db06b4659216df9d,Male,1985,ACTIVE,Prepaid,Tier_3
a39a387d7cfd1b91539449bee9e0022f,Male,1979,ACTIVE,Prepaid,Tier_3
a881100498223c21677669cf8deccbaf,Female,1968,ACTIVE,Prepaid,Tier_3
fc46d7acf847c687dd44d74b07da63b9,Male,1992,ACTIVE,Prepaid,Tier_3
4e59e7df4c7edb7e15b4239d8842bda2,Male,1991,ACTIVE,Prepaid,Tier_3
9049f6cdb3e3625ccd42a553793b620e,Male,1984,ACTIVE,Prepaid,Tier_3
3e5df78b7e61c6b6bfcd3b5e012c56f1,Male,1988,ACTIVE,Prepaid,Tier_3
92f711210cb76f49cf2896e102528117,Male,1970,ACTIVE,Prepaid,Tier_3
0cc177b3d695ee685091d259a9308aa8,Male,1992,ACTIVE,Prepaid,Tier_3
7979d4ff20ee254b3383763be7d59925,Male,1980,ACTIVE,Prepaid,Tier_3
4c37c761836073273d912d90ec9bf489,Male,1990,ACTIVE,Prepaid,Tier_3
cf08f32aa3201264d5d176b3dc86d228,Male,1977,ACTIVE,Prepaid,Tier_3
cf08f32aa3201264d5d176b3dc86d228,,1977,ACTIVE,Prepaid,Tier_3
f87e5ca0236c9efd98eadb7a8a00908a,Male,1990,ACTIVE,Prepaid,Tier_3
f87e5ca0236c9efd98eadb7a8a00908a,,1990,ACTIVE,Prepaid,Tier_3
adc6a4eb133966f72cc5e25104250204,Male,1960,ACTIVE,Prepaid,Tier_3
ed09827e6932999c5bf8e8190a00b06d,Male,1975,ACTIVE,Prepaid,Tier_3
2660fc83b0fd0bb9e9a531ec61198a29,Male,1978,ACTIVE,Prepaid,Tier_3
72da6ce4789a1782b0797ba06b5e7bc3,Male,1988,ACTIVE,Prepaid,Tier_3
d447a7408886337700d775672659501f,Male,1962,ACTIVE,Prepaid,Tier_3
451a77994f024c92ffc117b8008a6331,Male,1978,ACTIVE,Prepaid,Tier_3
28b973cf93da86a6605f15f557f3bf37,Male,1985,ACTIVE,Prepaid,Tier_3
037ed9c2e9f9cc3940f9a0d73e97a1a6,Male,1998,ACTIVE,Prepaid,Tier_3
f7d4b4d0ff26948eda6bb5ff8b856f6e,Male,1982,ACTIVE,Prepaid,Tier_3
e08be71fab733f692a4620925c3eada5,Male,1982,ACTIVE,Prepaid,Tier_3
658ae27c4ca6365837671374ec6ac3c8,Male,1984,ACTIVE,Prepaid,Tier_3
7c4d11cf0cf1b42609b5031c9f5d2b0b,Male,1986,ACTIVE,Prepaid,Tier_3
b978946299e9b0140846ebf91837e263,,1962,ACTIVE,Prepaid,Tier_3
0fa61d70f8f74c5dd847da6b74d11ed3,Male,1979,ACTIVE,Prepaid,Tier_3
01018ed94a1c5d56335bab337e82b01c,Male,1995,ACTIVE,Prepaid,Tier_3
7f1cfc768f6748f2359c8138c47dc8a9,Male,1969,ACTIVE,Prepaid,Tier_3
e1717c53db20aab7c33d9287d118d0fa,Male,1977,ACTIVE,Prepaid,Tier_3
6b8ee86e6b59e56b1d4f271a4cf5b880,Male,1979,ACTIVE,Prepaid,Tier_3
7505666f908c24ca8dfd9d872610c715,Male,1993,ACTIVE,Prepaid,Tier_3
6a8a77f5b0b29f53f4b0920bac209ced,Male,1977,ACTIVE,Prepaid,Tier_3
095d8c698cdd0f19a948e37f29929c7d,Male,1990,ACTIVE,Prepaid,Tier_3
7f40beabfc700744420cfe78e49612d8,Male,1991,ACTIVE,Prepaid,Tier_3
5af84ccf290d9e575bbabe782064e6cf,Male,1994,ACTIVE,Prepaid,Tier_3
0714fd223b2e8c1b9f037b4796882728,Male,1993,ACTIVE,Prepaid,Tier_3
eafd859d76ded74bf5b537d33e78a63a,Male,1973,ACTIVE,Prepaid,Tier_3
5a1c36e073e6510fda5014bbfd754fc7,Male,1983,ACTIVE,Prepaid,Tier_3
8126fa7904ff8a22d6f110bdc3ed5b83,Male,1947,ACTIVE,Prepaid,Tier_3
27c9068ffcc68ca35adc4b730339bbb1,,1957,ACTIVE,Prepaid,Tier_3
27c9068ffcc68ca35adc4b730339bbb1,Male,1957,ACTIVE,Prepaid,Tier_3
96ecb8947497da05c106cb27e88b4d18,Male,1994,ACTIVE,Prepaid,Tier_3
5b6d7a4c989305a57a86005b0509dcfe,Male,1997,ACTIVE,Prepaid,Tier_3
81962131415104e63a5355df259fd7c4,Male,1973,ACTIVE,Prepaid,Tier_3
edc561268f301836ec598882499be56b,Female,1971,ACTIVE,Prepaid,Tier_3
0de8ef5e9d236593cf5ec9544b4fc523,Male,1989,ACTIVE,Prepaid,Tier_3
1badcfc2ef252b7fd27d76e0ffad81f6,Male,1995,ACTIVE,Prepaid,Tier_3
0d42f96dab1a10c559382ce5d1ac3d7a,Male,1988,ACTIVE,Prepaid,Tier_3
31339d68a39161c05d029f77885c87c2,Male,1981,ACTIVE,Prepaid,Tier_3
09b98e581f5cdc11c3dfa8059cf31d50,Male,1988,ACTIVE,Prepaid,Tier_3
25d4250d9cfc867baadf2489d6a5add2,Male,1989,ACTIVE,Prepaid,Tier_3
1a1b58742472963edb06d9b1911d669a,Male,1992,ACTIVE,Prepaid,Tier_3
8b65d9cc09079d3c05893771de6d4220,Male,1992,ACTIVE,Prepaid,Tier_3
b15671679ab9dbad90b37d9ccac37f10,Male,1989,ACTIVE,Prepaid,Tier_3
bf9f9134ae6b6e7f45c86ed13a209ae7,Male,1986,ACTIVE,Prepaid,Tier_3
024b0c387f385eb6f6ef92cc5977c0b7,Female,1978,ACTIVE,Prepaid,Tier_3
a510614d8d48a04616fb523a120241d7,Male,1980,ACTIVE,Prepaid,Tier_3
c6cf085d8d69a4744d19f9918cf75d28,Male,1981,ACTIVE,Prepaid,Tier_3
832b24966667a728aaa11b9890f66c41,Female,1968,ACTIVE,Prepaid,Tier_3
4edbad1947ad3670fad60b10dabf3fbb,Male,1995,ACTIVE,Prepaid,Tier_3
6d4964fc51562ea5fc360eb0427626ca,Male,1992,ACTIVE,Prepaid,Tier_3
44fba60003a9353c4ef694c6c5e3f9ab,Female,1983,ACTIVE,Prepaid,Tier_3
7b5e77194a57b9d0c791fc5a81beb58a,Male,1958,ACTIVE,Prepaid,Tier_3
adfd2ec2669cc4ba49dfed0d49482e50,Male,1997,ACTIVE,Prepaid,Tier_3
467f09a26bcca531d65980f4eb01e8f0,Female,1995,ACTIVE,Prepaid,Tier_3
6631b7941a7664e4372f03ffaf16830d,Male,1963,ACTIVE,Prepaid,Tier_3
81c2b4464fccecdfdc5930eea5b5a2d5,Male,1990,ACTIVE,Prepaid,Tier_3
219453962c5c01a0a5b5c451bda94237,Female,1978,ACTIVE,Prepaid,Tier_3
ebf0935e45284fdf7ec89d18702eb365,Male,1987,ACTIVE,Prepaid,Tier_3
e36e8bcec75e90ed0ce1e763028c148a,Male,1989,ACTIVE,Prepaid,Tier_3
4963d0337685453a0e775f781716f195,Female,1983,ACTIVE,Prepaid,Tier_3
0e147a58223557df917edbc0bc7cddda,Male,1986,ACTIVE,Prepaid,Tier_3
66c93c907cffef561c3d54cb1ca1fb39,Male,1971,ACTIVE,Prepaid,Tier_3
94b3ce7dc222d3cf8d0dac2c333c7496,Male,1983,ACTIVE,Prepaid,Tier_3
21878f9995ba78bee7876a2df1f59d43,Male,1991,ACTIVE,Prepaid,Tier_3
b9bf7839ffa1aea0ee23041005fe3536,Male,1956,ACTIVE,Prepaid,Tier_3
347ac82b6fdf7085288a5207dc1efb63,Male,1994,ACTIVE,Prepaid,Tier_3
347ac82b6fdf7085288a5207dc1efb63,,1994,ACTIVE,Prepaid,Tier_3
15bd16048a67f3428929faca189aa353,Male,1945,ACTIVE,Prepaid,Tier_3
3a2ae0b33d22213c5e3ed168af719567,,1991,ACTIVE,Prepaid,Tier_3
3a2ae0b33d22213c5e3ed168af719567,,1989,ACTIVE,Prepaid,Tier_3
585b5c074eb4d3faf78a132af6d5c74e,,1987,ACTIVE,Prepaid,Tier_3
e229fd52acca9086f0fd657506997e70,MALE,1972,ACTIVE,Prepaid,Tier_3
e39f7c036b37ee3dbecf6d3c179cd0b9,MALE,1977,ACTIVE,Prepaid,Tier_3
193f9032b94af1c8260687ba5d57040b,MALE,1983,ACTIVE,Prepaid,Tier_3
d648f592dd224e5a8496e387ab6c8c78,MALE,1968,ACTIVE,Prepaid,Tier_3
9d1448e5da7000d5949a4d1929362941,FEMALE,1973,ACTIVE,Prepaid,Tier_3
b2d9a0f7bfb2cb525a1b4982f16d8e14,,1997,ACTIVE,Prepaid,Tier_3
adf1cce4847edb150f8d65eec2dd99bb,MALE,1972,ACTIVE,Prepaid,Tier_3
93e60655879573778f4b8867a171eb44,,1970,ACTIVE,Prepaid,Tier_3
4d6b1b5848350652aff8d1e61c39f3fc,FEMALE,1987,ACTIVE,Prepaid,Tier_3
d487b1ecde0a14a0b7937b4a7125bca0,MALE,1972,ACTIVE,Prepaid,Tier_3
7304d49faeaf0c5cca3ec4aad401f336,,1967,ACTIVE,Prepaid,Tier_3
921890d06d6a3ab080c24ff472e84a21,FEMALE,1979,ACTIVE,Prepaid,Tier_3
7b3491a5c34a284990a5d027c2edffa1,MALE,1989,ACTIVE,Prepaid,Tier_3
b4063829afbb7975f65ffd85a75aebc6,MALE,1991,ACTIVE,Prepaid,Tier_3
0b8ab7235d96cc0c6093dba8c9d79c6f,MALE,1986,ACTIVE,Prepaid,Tier_3
686a2e74e09f40a1c78f5dce4b522971,MALE,1989,ACTIVE,Prepaid,Tier_3
5dcffeb401eefacc4c5518a96d778afa,Male,1971,ACTIVE,Prepaid,Tier_3
95562cd8af12a2790cd8b3c29e61058a,FEMALE,1992,ACTIVE,Prepaid,Tier_3
95562cd8af12a2790cd8b3c29e61058a,FEMALE,1992,SUSPEND,Prepaid,Tier_3
4e2327fee2dc91391ce7c33ca27dea91,MALE,1995,ACTIVE,Prepaid,Tier_3
b1b2cac55fdc9b3e881a38f84d0f0f9b,MALE,1987,ACTIVE,Prepaid,Tier_3
2d36beba7e8bd4a90a71f51bb32fbfd4,MALE,1977,ACTIVE,Prepaid,Tier_3
6bab8ecb839621cd9113020b2a4bfa39,,1980,ACTIVE,Postpaid,Tier_3
abe76851e2ae5fe0efc3e6875397df90,MALE,1993,ACTIVE,Prepaid,Tier_3
311277b898258e72098ebea660ab4843,MALE,1989,ACTIVE,Prepaid,Tier_3
529e66a26b70ef7a18d0173cc2019074,MALE,1983,ACTIVE,Prepaid,Tier_3
5001ae810f0a17338b907e5b13b9230b,MALE,1979,ACTIVE,Prepaid,Tier_3
d02e19277f433415972057a6e7200b23,MALE,1987,ACTIVE,Prepaid,Tier_3
f3db3ab835fa0c22c9da49032e02bad1,Male,1966,ACTIVE,Prepaid,Tier_3
36dd76dee68c966a4e898d828a7de040,MALE,1977,ACTIVE,Prepaid,Tier_3
17e559fa981409d37afb36b4409f38b5,FEMALE,1993,ACTIVE,Prepaid,Tier_3
415cb8aa9c31e419f62c6ca0d91e0805,FEMALE,1991,ACTIVE,Prepaid,Tier_3
8a9eb13d4a948c54e08f30d560df48df,FEMALE,1983,ACTIVE,Prepaid,Tier_3
d5be44b227adc1422587ca96fcb2fa63,MALE,1972,ACTIVE,Prepaid,Tier_3
795f24ef7e2d30fa14422bd1f8c865a3,MALE,1981,ACTIVE,Prepaid,Tier_3
6679efcf7fe5279aa4d7f60498c41e89,MALE,1978,ACTIVE,Prepaid,Tier_3
692b08e1b9706d24adc80340cfb94c35,,1985,ACTIVE,Prepaid,Tier_3
0d7b4674d65ce5e038736c60b20c8801,MALE,1958,ACTIVE,Prepaid,Tier_3
0c98aa51d303ffc144ae71fa71591b3e,MALE,1951,ACTIVE,Prepaid,Tier_3
c2beed662479a18c2cffe83279a5f98a,,1962,ACTIVE,Prepaid,Tier_3
ed7548291f35edafc833a8eb4147b423,FEMALE,1994,ACTIVE,Prepaid,Tier_3
82eaf5c5711a290507beb1ab449b19c2,MALE,1989,ACTIVE,Prepaid,Tier_3
0c2788cf989922e3f59d77fc9e198c07,FEMALE,1986,ACTIVE,Prepaid,Tier_3
ceee590588fc2e637f4542a502e333fb,MALE,1991,ACTIVE,Prepaid,Tier_3
7476b5e44dc42f7a8775dd06a885ad08,MALE,1991,ACTIVE,Prepaid,Tier_3
5eb42b128a9468f6387806061c7989b6,MALE,1993,ACTIVE,Prepaid,Tier_3
1ff7588e6c00088feb1412817e36b408,MALE,1990,ACTIVE,Prepaid,Tier_3
3e3d96f7c5af42a4459c21c5b9b7a2d4,MALE,1992,ACTIVE,Prepaid,Tier_3
6303e4adc320d90dca442669077dd544,MALE,1971,ACTIVE,Prepaid,Tier_3
4e0555cdede2367cfa14f90b2b88d4ff,,1988,ACTIVE,Postpaid,Tier_3
4759ceaa42c5ad83eb8dc5c67096ef84,MALE,1995,ACTIVE,Prepaid,Tier_3
38a56b783ae7cd6a6a873bbac393e0a0,MALE,1959,ACTIVE,Prepaid,Tier_3
dfb276aab124102c2f8ef45d67a93a53,MALE,1975,ACTIVE,Prepaid,Tier_3
d74a1ceeb90c73b7841ea4630de855aa,MALE,1988,ACTIVE,Prepaid,Tier_3
c3b37ca207a03a4209575256c2cabb0e,MALE,1977,ACTIVE,Prepaid,Tier_3
1f6f703b0038effb21878b2229af23a2,Male,1988,ACTIVE,Prepaid,Tier_3
eb8ed8750479d957f692e8a7a1a3f3ee,Male,1966,ACTIVE,Prepaid,Tier_3
89277101689958ddda70f4ff6fa25986,FEMALE,1979,ACTIVE,Prepaid,Tier_3
1fa0fc075bf52ba68fe7a0c8f073b849,MALE,1988,ACTIVE,Prepaid,Tier_3
5e1bd962b39892c0adc7e86f3647acea,MALE,1970,ACTIVE,Prepaid,Tier_3
fe629a60c48cb351d360e1e80e648b92,MALE,1991,ACTIVE,Prepaid,Tier_3
0a3480436f2b2e665b42f7d7b196cd07,MALE,1987,ACTIVE,Prepaid,Tier_3
f9bfba6a024a9f8dfc8e5b0523db4138,,1959,ACTIVE,Prepaid,Tier_3
6fb362096773958f7d5ce6ff303a387d,MALE,1990,ACTIVE,Prepaid,Tier_3
4fdd677e6f8247d91c644f79a225dc7e,,1973,ACTIVE,Prepaid,Tier_3
474d000aba488a00ade8efad649c820a,,1971,ACTIVE,Prepaid,Tier_3
a193e0320f205c978218af888e22c592,MALE,1991,ACTIVE,Prepaid,Tier_3
e2a169cac59a423cfff804d49471f3f9,,1987,ACTIVE,Prepaid,Tier_3
7a1d4bc6bc7269715b6e66f930ee8690,,1989,ACTIVE,Postpaid,Tier_3
d67247eb278afbb7bbc5e9acbc405459,,1979,ACTIVE,Prepaid,Tier_3
054b6f33f4b4e7dc4baf0abe07e65ad2,MALE,1990,ACTIVE,Prepaid,Tier_3
8c7743bc33164b49aab6418c93abfa60,MALE,1993,ACTIVE,Prepaid,Tier_3
7e12f32f08573b5a05c9fb138701b276,MALE,1957,ACTIVE,Prepaid,Tier_3
2ce03c4b3920017e6de5d138135d464a,MALE,1995,ACTIVE,Prepaid,Tier_3
e156366123fde334314a8d1b3bb2e8fb,FEMALE,1956,ACTIVE,Prepaid,Tier_3
563a7d75d94ee3483cf5209c16e1a04c,MALE,1968,ACTIVE,Prepaid,Tier_3
c54e77ddfcb0a59b105d5577ed48cff2,MALE,1987,ACTIVE,Prepaid,Tier_3
b03a86727866d401c5842032d18b6bf4,MALE,1997,ACTIVE,Prepaid,Tier_3
96f6a297c81088fc65ca328e27834554,Male,1993,ACTIVE,Prepaid,Tier_3
66e46898584bb8a5a7580ff1a98e9fab,Male,1977,ACTIVE,Prepaid,Tier_3
71c238ffbfbea7052e1a47cfa511e28a,MALE,1984,ACTIVE,Postpaid,Tier_3
7ce6909995f9978e343a99b8cd515c36,MALE,1995,ACTIVE,Prepaid,Tier_3
9dda853e5bf16282104d8c6f1cf80ab9,FEMALE,1989,ACTIVE,Prepaid,Tier_3
485a84667ffe7766fc91a076998c45fc,FEMALE,1975,ACTIVE,Prepaid,Tier_3
f63769962f9a5e6be47873fecee8c557,,1967,ACTIVE,Prepaid,Tier_3
e415cfd36a3c472b9dbd38024e7df12d,MALE,1993,ACTIVE,Prepaid,Tier_3
eeda4e4d1d800afd73e9f2f3bc894d78,MALE,1980,ACTIVE,Prepaid,Tier_3
0fe6d71a87d1dea874c2c85a443de7dd,MALE,1982,ACTIVE,Prepaid,Tier_3
0027f5e2b2603cb136cbeeb836959fac,MALE,1965,ACTIVE,Prepaid,Tier_3
9834be7b46a338301f593e43b19dc056,MALE,1980,ACTIVE,Prepaid,Tier_3
edb57ff83a0951b80205740e58e51a6f,MALE,1964,ACTIVE,Prepaid,Tier_3
9c81c2e42eb9c5c7f570969ca107e976,MALE,1988,ACTIVE,Prepaid,Tier_3
517c7ca5adf04d8f7c76bcb1006b63e6,MALE,1972,ACTIVE,Prepaid,Tier_3
ff5d54a30928bfbef04d4d241c065e66,MALE,1966,ACTIVE,Prepaid,Tier_3
1819575e82799e52e11863f6d23036f2,,1988,ACTIVE,Prepaid,Tier_3
7d6e8fbb1a88092d3b65733ba44f4337,MALE,1984,ACTIVE,Prepaid,Tier_3
3248e6b995bfcb02b23d758fe6da4869,,1979,ACTIVE,Prepaid,Tier_3
9a81f81deaac6ab215bdd8f86ef9b567,MALE,1970,ACTIVE,Prepaid,Tier_3
bf33592f31873ad21085d59bed58c222,MALE,1993,ACTIVE,Prepaid,Tier_3
3f076808530c09560d476ad600a98649,MALE,1985,ACTIVE,Prepaid,Tier_3
b84e71290536549ae83b8b461426ea76,MALE,1988,ACTIVE,Prepaid,Tier_3
736be04bf1121f15e1d408290cd93f91,FEMALE,1984,ACTIVE,Prepaid,Tier_3
22b40768d071292f2e9cf046fa8d432f,,1976,ACTIVE,Postpaid,Tier_3
72f614159cdb94ecf341f8414777e7f7,,1955,ACTIVE,Prepaid,Tier_3
e563cb9ecbd32e4038f5a9ebedf29f45,FEMALE,1991,ACTIVE,Prepaid,Tier_3
95ae7572bc458599a1a54060951beb7e,,1989,ACTIVE,Prepaid,Tier_3
037c3328b1a388caf302cfbef507ed47,MALE,1978,ACTIVE,Prepaid,Tier_3
3c8e751d342272ace00d35dc51f230c7,MALE,1979,ACTIVE,Prepaid,Tier_3
d11f25f163485fc4d2a9e0e6a748cbd4,MALE,1988,ACTIVE,Prepaid,Tier_3
060e1a0ee786c700bb60a6ef34e4a473,Male,1982,ACTIVE,Postpaid,Tier_3
060e1a0ee786c700bb60a6ef34e4a473,Male,1977,ACTIVE,Postpaid,Tier_3
851ff5d8372e1f9a7bb6de19439f1d81,MALE,1991,ACTIVE,Prepaid,Tier_3
fbbb952638d6226200a96c1ba51493ff,,1969,ACTIVE,Postpaid,Tier_3
bc5e981f5c78175726a6be79fb6adae6,,1978,ACTIVE,Prepaid,Tier_3
2bed3bbb8f7bdf38ca7aedc044f5fbde,MALE,1989,ACTIVE,Prepaid,Tier_3
8eff05bb2eea237c13efcfef2edd0b41,FEMALE,1979,ACTIVE,Prepaid,Tier_3
fc6d25973295d1ee5190798af556ce9c,MALE,1989,ACTIVE,Prepaid,Tier_3
957e74925b9ff62858a35a623de1dd94,FEMALE,1962,ACTIVE,Prepaid,Tier_3
503e5eceff682c6371d9fd9f568e50c9,MALE,1986,ACTIVE,Prepaid,Tier_3
4aedc9745ab163d9b2b40e4fde52bac3,MALE,1963,ACTIVE,Prepaid,Tier_3
20fe2d8ddbf64bf61141497aa9c922d2,FEMALE,1981,ACTIVE,Prepaid,Tier_3
66542ff3194e7e9aca419f67017fb588,FEMALE,1978,ACTIVE,Prepaid,Tier_3
33b90559eaa3364990007ac0200b60e6,MALE,1997,ACTIVE,Prepaid,Tier_3
4145f44e822cd0036563bd1bd2976105,MALE,1988,ACTIVE,Prepaid,Tier_3
ffb767c9ec38657bfc3ee4715d0aa29a,MALE,1971,ACTIVE,Postpaid,Tier_3
b608aafc05acec6440e1a0bb5070d566,MALE,1993,ACTIVE,Prepaid,Tier_3
59a0f7540217298fa74a198ede935c8c,MALE,1989,ACTIVE,Prepaid,Tier_3
71c5a35b672171f31fea71458a04abd7,,1977,ACTIVE,Prepaid,Tier_3
4f5bc8a6f4bed0688534e0faf55d8480,,1987,ACTIVE,Prepaid,Tier_3
c65c031f071899a721217ce7594b6491,MALE,1987,ACTIVE,Prepaid,Tier_3
0284390a36318c65f2cec804b3cdae37,MALE,1989,ACTIVE,Prepaid,Tier_3
fad209ca51a5cb65946d16f7c780a4c7,MALE,1961,ACTIVE,Prepaid,Tier_3
65cb915f9f73c567d93602016704d99e,,1963,ACTIVE,Prepaid,Tier_3
5d389231e2c99659eae820fd03254cc5,MALE,1990,ACTIVE,Prepaid,Tier_3
917b2b06cb4d9d02e4e1fafd07c72126,MALE,1990,ACTIVE,Prepaid,Tier_3
3a0a97623cddbf687506c22b104547be,MALE,1984,ACTIVE,Prepaid,Tier_3
96509372dd513732cb223baac4fe98cc,MALE,1991,ACTIVE,Prepaid,Tier_3
4ca205e7c35f22d523a7327a1c30ed4f,MALE,1977,ACTIVE,Prepaid,Tier_3
ce4b1d1e3767222ba227610b34e04302,,1990,ACTIVE,Prepaid,Tier_3
f72fd9509e8e0db0879b217c8c81b1fb,FEMALE,1975,ACTIVE,Prepaid,Tier_3
aba37ce172e0caad74a94f9258f89fdc,MALE,1996,ACTIVE,Prepaid,Tier_3
8ca94c4f0e6d219e8c970c7c54297ced,FEMALE,1986,ACTIVE,Prepaid,Tier_3
4849a5a0d3cec635a17c2a59dc684831,MALE,1982,ACTIVE,Prepaid,Tier_3
6b5cbd1b936a5a83ad8236f08232c441,FEMALE,1989,ACTIVE,Prepaid,Tier_3
c94ac9c77484ef9948a7aa31a877c095,MALE,1994,ACTIVE,Prepaid,Tier_3
3824963797c39263c3d6f61d547def65,MALE,1981,ACTIVE,Prepaid,Tier_3
aca0af30a4c4ae4681eba43123b220b5,FEMALE,1972,ACTIVE,Prepaid,Tier_3
d757c42f606fb3761abffa7220d15386,MALE,1988,ACTIVE,Prepaid,Tier_3
879a97554001bd6aec08d2ee9c4c64e8,MALE,1989,ACTIVE,Prepaid,Tier_3
a5814ee2aa30a64774157e9938f4993f,,1992,ACTIVE,Postpaid,Tier_3
a2dabcdbd8c7abc76148d92e079e75de,MALE,1984,ACTIVE,Prepaid,Tier_3
4436fd45143148f6338bf7f071f66277,FEMALE,1988,ACTIVE,Prepaid,Tier_3
d11d4f47df8baf0c2d97b7b95690f77a,MALE,1946,ACTIVE,Prepaid,Tier_3
e61fa602329fc3daaac495e630830570,,1980,ACTIVE,Prepaid,Tier_3
