msisdn,week_number,revenue_usd
66e94d24d8e0d5776a8a6b694782eff0,26,20.26562143
66e94d24d8e0d5776a8a6b694782eff0,34,5.361164473
66e94d24d8e0d5776a8a6b694782eff0,31,18.18134693
66e94d24d8e0d5776a8a6b694782eff0,35,16.85739089
66e94d24d8e0d5776a8a6b694782eff0,24,14.39232646
66e94d24d8e0d5776a8a6b694782eff0,22,1.889851405
66e94d24d8e0d5776a8a6b694782eff0,27,17.4571458
66e94d24d8e0d5776a8a6b694782eff0,28,16.29990814
66e94d24d8e0d5776a8a6b694782eff0,29,19.35813449
9f66945ccec02b2e7ff2de0e22b38b7a,34,13.37840009
9f66945ccec02b2e7ff2de0e22b38b7a,24,12.26847882
9f66945ccec02b2e7ff2de0e22b38b7a,29,7.643881017
9f66945ccec02b2e7ff2de0e22b38b7a,30,0.842231657
9f66945ccec02b2e7ff2de0e22b38b7a,35,7.934780607
9f66945ccec02b2e7ff2de0e22b38b7a,32,9.283707593
9f66945ccec02b2e7ff2de0e22b38b7a,23,16.53767018
9f66945ccec02b2e7ff2de0e22b38b7a,26,8.165837097
9f66945ccec02b2e7ff2de0e22b38b7a,31,8.761768397
9f66945ccec02b2e7ff2de0e22b38b7a,33,12.81483894
9f66945ccec02b2e7ff2de0e22b38b7a,27,3.310058183
9f66945ccec02b2e7ff2de0e22b38b7a,28,8.004812774
9f66945ccec02b2e7ff2de0e22b38b7a,25,12.90459702
9f66945ccec02b2e7ff2de0e22b38b7a,22,16.22782728
b336fabfbaca753191acfbab598bac4a,30,1.172815739
b336fabfbaca753191acfbab598bac4a,25,2.274132439
b336fabfbaca753191acfbab598bac4a,32,4.99365478
b336fabfbaca753191acfbab598bac4a,34,7.267656744
b336fabfbaca753191acfbab598bac4a,33,14.64564816
b336fabfbaca753191acfbab598bac4a,23,2.10674176
b336fabfbaca753191acfbab598bac4a,35,10.26254833
b336fabfbaca753191acfbab598bac4a,24,2.502230074
b336fabfbaca753191acfbab598bac4a,29,16.17036781
b336fabfbaca753191acfbab598bac4a,22,14.08363244
b336fabfbaca753191acfbab598bac4a,28,4.787041122
b336fabfbaca753191acfbab598bac4a,26,17.88047632
b336fabfbaca753191acfbab598bac4a,31,6.758136358
b336fabfbaca753191acfbab598bac4a,27,4.455624836
72299fe9fadae5936214a05b1cf5d2bf,24,7.792320753
72299fe9fadae5936214a05b1cf5d2bf,25,15.84655946
72299fe9fadae5936214a05b1cf5d2bf,35,9.12249243
72299fe9fadae5936214a05b1cf5d2bf,32,17.49345018
72299fe9fadae5936214a05b1cf5d2bf,33,7.331033219
72299fe9fadae5936214a05b1cf5d2bf,23,11.25686797
72299fe9fadae5936214a05b1cf5d2bf,34,3.863681884
72299fe9fadae5936214a05b1cf5d2bf,27,8.289538176
72299fe9fadae5936214a05b1cf5d2bf,28,3.808495022
72299fe9fadae5936214a05b1cf5d2bf,30,16.08764783
72299fe9fadae5936214a05b1cf5d2bf,31,4.082829357
72299fe9fadae5936214a05b1cf5d2bf,22,13.20572094
72299fe9fadae5936214a05b1cf5d2bf,29,3.449112616
9bae303000cfae66652603e1a8c11477,24,2.019129103
9bae303000cfae66652603e1a8c11477,25,1.3323364
9bae303000cfae66652603e1a8c11477,32,13.40280301
9bae303000cfae66652603e1a8c11477,34,20.36956614
9bae303000cfae66652603e1a8c11477,33,20.11605451
9bae303000cfae66652603e1a8c11477,23,14.70468864
9bae303000cfae66652603e1a8c11477,26,9.396533504
9bae303000cfae66652603e1a8c11477,31,12.21342013
9bae303000cfae66652603e1a8c11477,35,11.61409041
9bae303000cfae66652603e1a8c11477,27,4.580532195
9bae303000cfae66652603e1a8c11477,30,5.353901539
9bae303000cfae66652603e1a8c11477,28,7.714217658
9bae303000cfae66652603e1a8c11477,22,2.591618071
9bae303000cfae66652603e1a8c11477,29,11.94532864
5cf6d17615cdca5cdb12a053306e3192,24,2.279143261
5cf6d17615cdca5cdb12a053306e3192,29,2.282814305
5cf6d17615cdca5cdb12a053306e3192,23,2.718403625
5cf6d17615cdca5cdb12a053306e3192,34,8.476299963
5cf6d17615cdca5cdb12a053306e3192,35,6.880104263
5cf6d17615cdca5cdb12a053306e3192,32,18.54812805
5cf6d17615cdca5cdb12a053306e3192,26,8.981879213
5cf6d17615cdca5cdb12a053306e3192,33,14.72022901
5cf6d17615cdca5cdb12a053306e3192,27,13.38318318
5cf6d17615cdca5cdb12a053306e3192,31,17.77910426
5cf6d17615cdca5cdb12a053306e3192,30,7.959181654
5cf6d17615cdca5cdb12a053306e3192,25,17.63950602
5cf6d17615cdca5cdb12a053306e3192,28,8.542277528
5cf6d17615cdca5cdb12a053306e3192,22,8.909220951
4ba275a04b9e1c7202760b00a2c8f5d7,24,20.00266773
4ba275a04b9e1c7202760b00a2c8f5d7,32,8.519302405
4ba275a04b9e1c7202760b00a2c8f5d7,35,18.77965998
4ba275a04b9e1c7202760b00a2c8f5d7,34,2.376511905
4ba275a04b9e1c7202760b00a2c8f5d7,23,6.779611927
4ba275a04b9e1c7202760b00a2c8f5d7,33,7.353217222
4ba275a04b9e1c7202760b00a2c8f5d7,27,9.350734169
4ba275a04b9e1c7202760b00a2c8f5d7,29,19.01497918
4ba275a04b9e1c7202760b00a2c8f5d7,31,4.703188371
4ba275a04b9e1c7202760b00a2c8f5d7,26,5.607227088
4ba275a04b9e1c7202760b00a2c8f5d7,28,6.843009797
4ba275a04b9e1c7202760b00a2c8f5d7,22,4.552665905
4ba275a04b9e1c7202760b00a2c8f5d7,25,14.00032035
a8a663a0260ee70d81ac793ac78bd332,30,2.739775201
a8a663a0260ee70d81ac793ac78bd332,32,9.968075582
a8a663a0260ee70d81ac793ac78bd332,33,1.62242719
a8a663a0260ee70d81ac793ac78bd332,23,2.356425571
a8a663a0260ee70d81ac793ac78bd332,34,3.22755402
a8a663a0260ee70d81ac793ac78bd332,35,19.98255978
a8a663a0260ee70d81ac793ac78bd332,27,12.81282602
a8a663a0260ee70d81ac793ac78bd332,28,3.121562328
a8a663a0260ee70d81ac793ac78bd332,31,16.65774024
a8a663a0260ee70d81ac793ac78bd332,26,6.339462724
a8a663a0260ee70d81ac793ac78bd332,25,7.448145514
a8a663a0260ee70d81ac793ac78bd332,29,0.87013448
a8a663a0260ee70d81ac793ac78bd332,24,15.11923229
a8a663a0260ee70d81ac793ac78bd332,22,10.50160938
97a1f49d9998b48187ad0098c79bd5d6,24,17.37315209
97a1f49d9998b48187ad0098c79bd5d6,29,19.77496529
97a1f49d9998b48187ad0098c79bd5d6,34,14.13942346
97a1f49d9998b48187ad0098c79bd5d6,35,18.7756661
97a1f49d9998b48187ad0098c79bd5d6,32,11.49144031
97a1f49d9998b48187ad0098c79bd5d6,33,20.25039457
97a1f49d9998b48187ad0098c79bd5d6,23,17.57589711
97a1f49d9998b48187ad0098c79bd5d6,26,18.78919092
97a1f49d9998b48187ad0098c79bd5d6,27,14.77949878
97a1f49d9998b48187ad0098c79bd5d6,28,2.242018289
97a1f49d9998b48187ad0098c79bd5d6,30,19.55679382
97a1f49d9998b48187ad0098c79bd5d6,31,18.54362725
97a1f49d9998b48187ad0098c79bd5d6,25,6.254004594
97a1f49d9998b48187ad0098c79bd5d6,22,6.68790329
b762fe242bbdfb073e24d9ebbc196450,32,10.03081155
b762fe242bbdfb073e24d9ebbc196450,33,15.73396593
b762fe242bbdfb073e24d9ebbc196450,23,5.869602758
b762fe242bbdfb073e24d9ebbc196450,24,3.640359239
b762fe242bbdfb073e24d9ebbc196450,34,8.135146614
b762fe242bbdfb073e24d9ebbc196450,35,8.244988216
b762fe242bbdfb073e24d9ebbc196450,30,18.55303314
b762fe242bbdfb073e24d9ebbc196450,31,14.27609471
41d6a526bd4c434cbced3ef1183382b7,30,5.70676455
41d6a526bd4c434cbced3ef1183382b7,23,13.3364654
41d6a526bd4c434cbced3ef1183382b7,29,19.49379243
41d6a526bd4c434cbced3ef1183382b7,32,4.15069606
41d6a526bd4c434cbced3ef1183382b7,34,3.824210365
41d6a526bd4c434cbced3ef1183382b7,26,13.61571772
41d6a526bd4c434cbced3ef1183382b7,35,21.29039774
41d6a526bd4c434cbced3ef1183382b7,33,11.88806774
41d6a526bd4c434cbced3ef1183382b7,24,17.88768577
41d6a526bd4c434cbced3ef1183382b7,27,0.894752143
41d6a526bd4c434cbced3ef1183382b7,31,15.86072668
41d6a526bd4c434cbced3ef1183382b7,25,5.813220388
41d6a526bd4c434cbced3ef1183382b7,28,18.38642954
41d6a526bd4c434cbced3ef1183382b7,22,6.38617032
45c040069e17dc39a4232ebb7a46f0c0,30,4.58488372
45c040069e17dc39a4232ebb7a46f0c0,32,12.8253054
45c040069e17dc39a4232ebb7a46f0c0,34,20.31669756
45c040069e17dc39a4232ebb7a46f0c0,33,16.53083345
45c040069e17dc39a4232ebb7a46f0c0,23,9.397113581
45c040069e17dc39a4232ebb7a46f0c0,26,9.803411214
45c040069e17dc39a4232ebb7a46f0c0,27,13.42851219
45c040069e17dc39a4232ebb7a46f0c0,29,1.982048905
45c040069e17dc39a4232ebb7a46f0c0,24,8.323192447
45c040069e17dc39a4232ebb7a46f0c0,35,6.276765367
45c040069e17dc39a4232ebb7a46f0c0,28,8.566840215
45c040069e17dc39a4232ebb7a46f0c0,31,4.340511687
45c040069e17dc39a4232ebb7a46f0c0,22,18.8783054
45c040069e17dc39a4232ebb7a46f0c0,25,19.71116875
ef5aa61c4fbc3020c8f12d9fa0cb635f,34,14.29416969
ef5aa61c4fbc3020c8f12d9fa0cb635f,24,15.42597584
ef5aa61c4fbc3020c8f12d9fa0cb635f,25,16.19076446
ef5aa61c4fbc3020c8f12d9fa0cb635f,30,16.82547246
ef5aa61c4fbc3020c8f12d9fa0cb635f,23,14.06856717
ef5aa61c4fbc3020c8f12d9fa0cb635f,35,13.90980106
ef5aa61c4fbc3020c8f12d9fa0cb635f,32,6.838199028
ef5aa61c4fbc3020c8f12d9fa0cb635f,33,11.03461254
ef5aa61c4fbc3020c8f12d9fa0cb635f,27,13.01244285
ef5aa61c4fbc3020c8f12d9fa0cb635f,29,17.69781234
ef5aa61c4fbc3020c8f12d9fa0cb635f,26,3.769858043
ef5aa61c4fbc3020c8f12d9fa0cb635f,31,18.3027693
ef5aa61c4fbc3020c8f12d9fa0cb635f,28,15.50733996
ef5aa61c4fbc3020c8f12d9fa0cb635f,22,19.77150354
c94abf1017c9f6151209e84ad944290d,34,13.8705949
c94abf1017c9f6151209e84ad944290d,24,7.727667579
c94abf1017c9f6151209e84ad944290d,23,20.70157106
c94abf1017c9f6151209e84ad944290d,29,5.798741301
c94abf1017c9f6151209e84ad944290d,30,13.04436053
c94abf1017c9f6151209e84ad944290d,25,9.195820198
c94abf1017c9f6151209e84ad944290d,32,14.38864446
c94abf1017c9f6151209e84ad944290d,35,8.147826601
c94abf1017c9f6151209e84ad944290d,33,7.898899651
c94abf1017c9f6151209e84ad944290d,31,7.152336947
c94abf1017c9f6151209e84ad944290d,27,2.396381084
c94abf1017c9f6151209e84ad944290d,26,16.777101
c94abf1017c9f6151209e84ad944290d,22,15.57258831
f7598291bec1fc54928ee7ea8501a29b,32,9.424132057
f7598291bec1fc54928ee7ea8501a29b,26,8.7996933
f7598291bec1fc54928ee7ea8501a29b,34,7.533338188
f7598291bec1fc54928ee7ea8501a29b,35,16.7546818
f7598291bec1fc54928ee7ea8501a29b,23,19.54400411
f7598291bec1fc54928ee7ea8501a29b,33,20.13181223
f7598291bec1fc54928ee7ea8501a29b,31,21.27825566
f7598291bec1fc54928ee7ea8501a29b,24,6.128040674
f7598291bec1fc54928ee7ea8501a29b,28,6.396965567
f7598291bec1fc54928ee7ea8501a29b,29,10.43919221
f7598291bec1fc54928ee7ea8501a29b,27,16.57060423
f7598291bec1fc54928ee7ea8501a29b,30,18.6341094
f7598291bec1fc54928ee7ea8501a29b,22,5.519515417
f7598291bec1fc54928ee7ea8501a29b,25,14.52183373
206af76af4027749cbc41dfb41056518,34,4.248417976
206af76af4027749cbc41dfb41056518,24,22.02016082
206af76af4027749cbc41dfb41056518,25,11.86006063
206af76af4027749cbc41dfb41056518,30,4.569875256
206af76af4027749cbc41dfb41056518,32,10.60352519
206af76af4027749cbc41dfb41056518,29,2.644646927
206af76af4027749cbc41dfb41056518,35,17.1425762
206af76af4027749cbc41dfb41056518,23,5.132007019
206af76af4027749cbc41dfb41056518,26,18.70005052
206af76af4027749cbc41dfb41056518,33,7.306123557
206af76af4027749cbc41dfb41056518,27,12.93847535
206af76af4027749cbc41dfb41056518,31,18.67859587
206af76af4027749cbc41dfb41056518,28,5.320314767
206af76af4027749cbc41dfb41056518,22,4.127311611
e8dadde87080a49ca725608d729f31d5,23,17.33141297
e8dadde87080a49ca725608d729f31d5,34,6.440869979
e8dadde87080a49ca725608d729f31d5,29,13.10809234
e8dadde87080a49ca725608d729f31d5,32,4.260082954
e8dadde87080a49ca725608d729f31d5,33,11.91249036
e8dadde87080a49ca725608d729f31d5,24,13.84854099
e8dadde87080a49ca725608d729f31d5,35,14.49674291
e8dadde87080a49ca725608d729f31d5,27,8.081156082
e8dadde87080a49ca725608d729f31d5,26,1.077233313
e8dadde87080a49ca725608d729f31d5,30,18.84980433
e8dadde87080a49ca725608d729f31d5,31,19.98603682
e8dadde87080a49ca725608d729f31d5,28,18.92805091
e8dadde87080a49ca725608d729f31d5,22,4.872376162
e8dadde87080a49ca725608d729f31d5,25,19.70568905
3ec079c21ee1cf37f33c354ca472d60e,34,4.240797178
3ec079c21ee1cf37f33c354ca472d60e,24,13.98232417
3ec079c21ee1cf37f33c354ca472d60e,29,11.27430981
3ec079c21ee1cf37f33c354ca472d60e,32,13.87111623
3ec079c21ee1cf37f33c354ca472d60e,35,20.54777659
3ec079c21ee1cf37f33c354ca472d60e,33,21.87413622
3ec079c21ee1cf37f33c354ca472d60e,23,9.139798159
3ec079c21ee1cf37f33c354ca472d60e,26,7.017148478
3ec079c21ee1cf37f33c354ca472d60e,27,16.6420561
3ec079c21ee1cf37f33c354ca472d60e,22,14.66284776
3ec079c21ee1cf37f33c354ca472d60e,28,3.755987103
3ec079c21ee1cf37f33c354ca472d60e,30,2.726558862
3ec079c21ee1cf37f33c354ca472d60e,31,18.34286216
3ec079c21ee1cf37f33c354ca472d60e,25,20.07558776
5ea45dc2c3fb3e7391dddf97b3cdaa04,24,20.27837501
5ea45dc2c3fb3e7391dddf97b3cdaa04,32,15.71126326
5ea45dc2c3fb3e7391dddf97b3cdaa04,34,15.84234501
5ea45dc2c3fb3e7391dddf97b3cdaa04,29,19.30120752
5ea45dc2c3fb3e7391dddf97b3cdaa04,35,16.02286201
5ea45dc2c3fb3e7391dddf97b3cdaa04,33,18.25729107
5ea45dc2c3fb3e7391dddf97b3cdaa04,23,12.71028748
5ea45dc2c3fb3e7391dddf97b3cdaa04,27,11.7540499
5ea45dc2c3fb3e7391dddf97b3cdaa04,26,7.18998679
5ea45dc2c3fb3e7391dddf97b3cdaa04,30,13.10147258
5ea45dc2c3fb3e7391dddf97b3cdaa04,31,9.166251278
5ea45dc2c3fb3e7391dddf97b3cdaa04,28,10.92933325
5ea45dc2c3fb3e7391dddf97b3cdaa04,22,5.158426972
5ea45dc2c3fb3e7391dddf97b3cdaa04,25,0.205305366
987656e90c86d830e3fc725ca4f10573,23,10.68131015
987656e90c86d830e3fc725ca4f10573,34,13.02707799
987656e90c86d830e3fc725ca4f10573,29,10.88731176
987656e90c86d830e3fc725ca4f10573,35,5.188194164
987656e90c86d830e3fc725ca4f10573,32,17.36152639
987656e90c86d830e3fc725ca4f10573,33,4.181963579
987656e90c86d830e3fc725ca4f10573,24,12.59937576
987656e90c86d830e3fc725ca4f10573,27,5.057740753
987656e90c86d830e3fc725ca4f10573,31,3.374958509
987656e90c86d830e3fc725ca4f10573,30,9.672343973
987656e90c86d830e3fc725ca4f10573,28,2.856939092
987656e90c86d830e3fc725ca4f10573,22,17.11436763
987656e90c86d830e3fc725ca4f10573,25,4.047443402
987656e90c86d830e3fc725ca4f10573,26,10.91836692
c9147d33e810d9f9467bf076def99f90,24,8.160067299
c9147d33e810d9f9467bf076def99f90,25,19.52189873
c9147d33e810d9f9467bf076def99f90,29,4.188496429
c9147d33e810d9f9467bf076def99f90,34,6.417566351
c9147d33e810d9f9467bf076def99f90,32,18.00149548
c9147d33e810d9f9467bf076def99f90,23,17.98122628
c9147d33e810d9f9467bf076def99f90,33,7.255003725
c9147d33e810d9f9467bf076def99f90,26,5.924094097
c9147d33e810d9f9467bf076def99f90,35,1.131553944
c9147d33e810d9f9467bf076def99f90,27,11.76981923
c9147d33e810d9f9467bf076def99f90,28,17.39271606
c9147d33e810d9f9467bf076def99f90,30,5.074177464
c9147d33e810d9f9467bf076def99f90,31,22.1938928
c9147d33e810d9f9467bf076def99f90,22,5.698661197
b3dba1f349ff5af658722f33a833c08a,29,13.97479337
b3dba1f349ff5af658722f33a833c08a,32,4.939381049
b3dba1f349ff5af658722f33a833c08a,23,3.520203209
b3dba1f349ff5af658722f33a833c08a,34,14.60878979
b3dba1f349ff5af658722f33a833c08a,24,12.20412045
b3dba1f349ff5af658722f33a833c08a,33,19.12336842
b3dba1f349ff5af658722f33a833c08a,26,12.67471531
b3dba1f349ff5af658722f33a833c08a,35,14.96073023
b3dba1f349ff5af658722f33a833c08a,27,14.58262598
b3dba1f349ff5af658722f33a833c08a,31,15.20202502
b3dba1f349ff5af658722f33a833c08a,30,18.10211323
b3dba1f349ff5af658722f33a833c08a,22,15.18318963
b3dba1f349ff5af658722f33a833c08a,28,12.79431175
b3dba1f349ff5af658722f33a833c08a,25,7.484640678
f2166a5452ea19ed2183834ffd8177bb,24,7.868555791
f2166a5452ea19ed2183834ffd8177bb,25,1.702114157
f2166a5452ea19ed2183834ffd8177bb,30,6.247897024
f2166a5452ea19ed2183834ffd8177bb,32,10.77423147
f2166a5452ea19ed2183834ffd8177bb,23,9.251041342
f2166a5452ea19ed2183834ffd8177bb,35,8.595511443
f2166a5452ea19ed2183834ffd8177bb,33,13.38112745
f2166a5452ea19ed2183834ffd8177bb,34,18.95091749
f2166a5452ea19ed2183834ffd8177bb,27,10.88389117
f2166a5452ea19ed2183834ffd8177bb,29,14.83776837
f2166a5452ea19ed2183834ffd8177bb,26,9.583452992
f2166a5452ea19ed2183834ffd8177bb,31,13.86316039
f2166a5452ea19ed2183834ffd8177bb,28,19.50642252
a96c5d0990e8c76f509db1383757659e,24,22.38936946
a96c5d0990e8c76f509db1383757659e,25,10.52910733
a96c5d0990e8c76f509db1383757659e,29,3.715252206
a96c5d0990e8c76f509db1383757659e,30,19.60387185
a96c5d0990e8c76f509db1383757659e,32,4.439877127
a96c5d0990e8c76f509db1383757659e,23,6.082067663
a96c5d0990e8c76f509db1383757659e,34,12.08975476
a96c5d0990e8c76f509db1383757659e,35,20.40005882
a96c5d0990e8c76f509db1383757659e,26,9.961657008
a96c5d0990e8c76f509db1383757659e,33,17.65231846
a96c5d0990e8c76f509db1383757659e,27,5.732276451
a96c5d0990e8c76f509db1383757659e,28,10.57336199
a96c5d0990e8c76f509db1383757659e,31,10.19591105
a96c5d0990e8c76f509db1383757659e,22,13.12566593
a8d5866332b495fe369036410860f639,24,18.22230678
a8d5866332b495fe369036410860f639,25,7.860400845
a8d5866332b495fe369036410860f639,30,2.328737625
a8d5866332b495fe369036410860f639,34,21.77961943
a8d5866332b495fe369036410860f639,35,20.7897702
a8d5866332b495fe369036410860f639,32,8.423368357
a8d5866332b495fe369036410860f639,26,4.206988153
a8d5866332b495fe369036410860f639,27,19.72175352
a8d5866332b495fe369036410860f639,22,17.17292019
a8d5866332b495fe369036410860f639,28,6.871931522
a8d5866332b495fe369036410860f639,31,9.725466961
a8d5866332b495fe369036410860f639,23,6.494925512
a8d5866332b495fe369036410860f639,33,13.02189858
65a65dd3714dbadaaac8fe83d4f6fa77,34,17.07112756
65a65dd3714dbadaaac8fe83d4f6fa77,24,7.691492189
65a65dd3714dbadaaac8fe83d4f6fa77,32,4.53414775
65a65dd3714dbadaaac8fe83d4f6fa77,33,12.30881731
65a65dd3714dbadaaac8fe83d4f6fa77,29,13.56031191
65a65dd3714dbadaaac8fe83d4f6fa77,31,7.295787458
65a65dd3714dbadaaac8fe83d4f6fa77,26,0.935381984
65a65dd3714dbadaaac8fe83d4f6fa77,28,15.07334741
65a65dd3714dbadaaac8fe83d4f6fa77,22,14.3733723
65a65dd3714dbadaaac8fe83d4f6fa77,25,12.99159469
82da5843c4fecdad2507dd56b433f0e9,30,12.56777585
82da5843c4fecdad2507dd56b433f0e9,23,12.77492506
82da5843c4fecdad2507dd56b433f0e9,26,11.15827834
82da5843c4fecdad2507dd56b433f0e9,24,9.638833843
82da5843c4fecdad2507dd56b433f0e9,22,20.34114268
82da5843c4fecdad2507dd56b433f0e9,25,13.98159915
12af24ce3499b97324f75aed1536e40c,24,15.49088221
12af24ce3499b97324f75aed1536e40c,23,13.92858236
12af24ce3499b97324f75aed1536e40c,30,3.099804066
12af24ce3499b97324f75aed1536e40c,32,13.65047778
12af24ce3499b97324f75aed1536e40c,35,12.120318
12af24ce3499b97324f75aed1536e40c,33,6.287747729
12af24ce3499b97324f75aed1536e40c,26,2.77751572
12af24ce3499b97324f75aed1536e40c,34,4.182702826
12af24ce3499b97324f75aed1536e40c,22,8.354516044
12af24ce3499b97324f75aed1536e40c,27,15.97121082
12af24ce3499b97324f75aed1536e40c,31,20.14331476
12af24ce3499b97324f75aed1536e40c,28,5.279404398
12af24ce3499b97324f75aed1536e40c,29,5.006064912
12af24ce3499b97324f75aed1536e40c,25,13.38096639
2ac79a70101f5e34e07c2013df4e1a92,32,4.650291165
2ac79a70101f5e34e07c2013df4e1a92,33,9.116821418
2ac79a70101f5e34e07c2013df4e1a92,34,4.257498451
2ac79a70101f5e34e07c2013df4e1a92,27,6.233896945
2ac79a70101f5e34e07c2013df4e1a92,29,6.844922697
2ac79a70101f5e34e07c2013df4e1a92,28,10.01450851
2ac79a70101f5e34e07c2013df4e1a92,31,12.30017254
6a062df9a34a70d8c34bfd9a31c0d1f3,23,13.37997706
6a062df9a34a70d8c34bfd9a31c0d1f3,29,3.949168816
6a062df9a34a70d8c34bfd9a31c0d1f3,32,9.317968364
6a062df9a34a70d8c34bfd9a31c0d1f3,24,19.28880329
6a062df9a34a70d8c34bfd9a31c0d1f3,33,17.29480921
6a062df9a34a70d8c34bfd9a31c0d1f3,34,20.61459676
6a062df9a34a70d8c34bfd9a31c0d1f3,35,18.73642668
6a062df9a34a70d8c34bfd9a31c0d1f3,31,8.168589462
6a062df9a34a70d8c34bfd9a31c0d1f3,26,8.270017557
6a062df9a34a70d8c34bfd9a31c0d1f3,30,14.86709751
6a062df9a34a70d8c34bfd9a31c0d1f3,25,13.88407122
6a062df9a34a70d8c34bfd9a31c0d1f3,27,14.65058982
f3a025858958286cc110a60796eccd0d,32,12.94070752
f3a025858958286cc110a60796eccd0d,34,19.66119666
f3a025858958286cc110a60796eccd0d,23,9.198849933
f3a025858958286cc110a60796eccd0d,33,7.061466336
f3a025858958286cc110a60796eccd0d,31,1.653066968
f3a025858958286cc110a60796eccd0d,35,4.32111669
f3a025858958286cc110a60796eccd0d,29,7.584035715
f3a025858958286cc110a60796eccd0d,30,9.48089485
f3a025858958286cc110a60796eccd0d,22,15.24081748
245767fa69fea0e84fa874b82d110e1d,24,6.938306768
245767fa69fea0e84fa874b82d110e1d,30,14.48669682
245767fa69fea0e84fa874b82d110e1d,25,19.51768656
245767fa69fea0e84fa874b82d110e1d,29,21.25379102
245767fa69fea0e84fa874b82d110e1d,23,18.44054291
245767fa69fea0e84fa874b82d110e1d,35,10.06668319
245767fa69fea0e84fa874b82d110e1d,32,9.550958355
245767fa69fea0e84fa874b82d110e1d,33,5.235430176
245767fa69fea0e84fa874b82d110e1d,26,16.56934178
245767fa69fea0e84fa874b82d110e1d,34,19.60670967
245767fa69fea0e84fa874b82d110e1d,27,7.035961377
245767fa69fea0e84fa874b82d110e1d,28,4.095166085
245767fa69fea0e84fa874b82d110e1d,31,8.739812467
245767fa69fea0e84fa874b82d110e1d,22,20.38884015
885732e8552b4212158d4a5422a834d4,24,3.854180598
885732e8552b4212158d4a5422a834d4,23,13.41792456
885732e8552b4212158d4a5422a834d4,25,19.16603853
885732e8552b4212158d4a5422a834d4,30,4.87654974
885732e8552b4212158d4a5422a834d4,35,18.35695998
885732e8552b4212158d4a5422a834d4,32,12.77402725
885732e8552b4212158d4a5422a834d4,34,1.962039955
885732e8552b4212158d4a5422a834d4,33,12.03453902
885732e8552b4212158d4a5422a834d4,31,8.875102364
885732e8552b4212158d4a5422a834d4,27,2.101542915
885732e8552b4212158d4a5422a834d4,29,13.39035168
885732e8552b4212158d4a5422a834d4,28,10.06437905
885732e8552b4212158d4a5422a834d4,22,10.13737944
885732e8552b4212158d4a5422a834d4,26,11.91045484
7edd9a3acf8993bbfd13bb625c1a54ae,30,3.980373534
7edd9a3acf8993bbfd13bb625c1a54ae,23,11.7942855
7edd9a3acf8993bbfd13bb625c1a54ae,35,9.850161452
7edd9a3acf8993bbfd13bb625c1a54ae,32,14.66408744
7edd9a3acf8993bbfd13bb625c1a54ae,33,10.5702454
7edd9a3acf8993bbfd13bb625c1a54ae,26,6.534971095
7edd9a3acf8993bbfd13bb625c1a54ae,34,10.67483251
7edd9a3acf8993bbfd13bb625c1a54ae,22,17.81357955
7edd9a3acf8993bbfd13bb625c1a54ae,24,1.146863966
7edd9a3acf8993bbfd13bb625c1a54ae,27,18.1295751
7edd9a3acf8993bbfd13bb625c1a54ae,28,3.309406668
7edd9a3acf8993bbfd13bb625c1a54ae,29,14.6427396
7edd9a3acf8993bbfd13bb625c1a54ae,31,4.232869165
7edd9a3acf8993bbfd13bb625c1a54ae,25,16.58957604
f6c42f944a3357885746ec49e7ed5c6e,24,7.565955096
f6c42f944a3357885746ec49e7ed5c6e,25,7.694107052
f6c42f944a3357885746ec49e7ed5c6e,23,10.47829016
f6c42f944a3357885746ec49e7ed5c6e,34,13.6530448
f6c42f944a3357885746ec49e7ed5c6e,26,10.6205755
f6c42f944a3357885746ec49e7ed5c6e,33,13.25424911
f6c42f944a3357885746ec49e7ed5c6e,35,3.67522078
f6c42f944a3357885746ec49e7ed5c6e,32,2.029527304
f6c42f944a3357885746ec49e7ed5c6e,27,14.40119535
f6c42f944a3357885746ec49e7ed5c6e,31,12.9432454
f6c42f944a3357885746ec49e7ed5c6e,28,11.45019921
f59b2df5ff82cb50676bb7968622d1a6,34,13.45057708
f59b2df5ff82cb50676bb7968622d1a6,29,11.20194561
f59b2df5ff82cb50676bb7968622d1a6,35,3.380814925
f59b2df5ff82cb50676bb7968622d1a6,32,5.391331414
f59b2df5ff82cb50676bb7968622d1a6,33,10.18799615
f59b2df5ff82cb50676bb7968622d1a6,30,6.852547445
f59b2df5ff82cb50676bb7968622d1a6,31,9.74967905
f59b2df5ff82cb50676bb7968622d1a6,28,10.10534956
b911ca618c053d82e5357711ce2f6870,34,12.48486488
b911ca618c053d82e5357711ce2f6870,24,15.43409757
b911ca618c053d82e5357711ce2f6870,29,3.949487079
b911ca618c053d82e5357711ce2f6870,32,3.452024713
b911ca618c053d82e5357711ce2f6870,23,13.71418929
b911ca618c053d82e5357711ce2f6870,35,9.348567251
b911ca618c053d82e5357711ce2f6870,33,14.61530393
b911ca618c053d82e5357711ce2f6870,26,17.06747486
b911ca618c053d82e5357711ce2f6870,27,2.872732976
b911ca618c053d82e5357711ce2f6870,22,15.17826494
b911ca618c053d82e5357711ce2f6870,28,14.82350335
b911ca618c053d82e5357711ce2f6870,31,15.121593
b911ca618c053d82e5357711ce2f6870,30,3.246713901
b911ca618c053d82e5357711ce2f6870,25,14.60145769
e900f13329cafc93b4005a6ea49a5a51,34,6.260614945
e900f13329cafc93b4005a6ea49a5a51,24,4.356315848
e900f13329cafc93b4005a6ea49a5a51,29,18.75123468
e900f13329cafc93b4005a6ea49a5a51,30,5.382972237
e900f13329cafc93b4005a6ea49a5a51,35,20.16105624
e900f13329cafc93b4005a6ea49a5a51,32,2.676466248
e900f13329cafc93b4005a6ea49a5a51,33,3.067650216
e900f13329cafc93b4005a6ea49a5a51,23,5.752599354
e900f13329cafc93b4005a6ea49a5a51,27,9.786944181
e900f13329cafc93b4005a6ea49a5a51,22,16.21629852
e900f13329cafc93b4005a6ea49a5a51,28,19.97601757
e900f13329cafc93b4005a6ea49a5a51,31,6.109918488
e900f13329cafc93b4005a6ea49a5a51,26,8.655789807
e900f13329cafc93b4005a6ea49a5a51,25,4.423265112
bbd042bdf083aef417b35de9072079c9,32,15.42193502
bbd042bdf083aef417b35de9072079c9,33,18.9508125
bbd042bdf083aef417b35de9072079c9,34,4.710747923
bbd042bdf083aef417b35de9072079c9,35,20.25101531
b2ce92d7f69233ee7c79403590949b1e,34,6.323125678
b2ce92d7f69233ee7c79403590949b1e,24,13.19012274
b2ce92d7f69233ee7c79403590949b1e,23,2.429987164
b2ce92d7f69233ee7c79403590949b1e,25,18.83074059
b2ce92d7f69233ee7c79403590949b1e,32,13.30738299
b2ce92d7f69233ee7c79403590949b1e,33,17.85739609
b2ce92d7f69233ee7c79403590949b1e,35,12.19105362
b2ce92d7f69233ee7c79403590949b1e,29,7.961445353
b2ce92d7f69233ee7c79403590949b1e,30,5.767720346
b2ce92d7f69233ee7c79403590949b1e,31,3.764074973
b2ce92d7f69233ee7c79403590949b1e,22,7.390870699
e194d49054b82888e3067199faedf11d,23,6.370684225
e194d49054b82888e3067199faedf11d,30,3.743502126
e194d49054b82888e3067199faedf11d,32,11.29363778
e194d49054b82888e3067199faedf11d,34,9.479910147
e194d49054b82888e3067199faedf11d,33,10.22274269
e194d49054b82888e3067199faedf11d,26,18.13547146
e194d49054b82888e3067199faedf11d,31,9.763270751
e194d49054b82888e3067199faedf11d,35,11.43903646
e194d49054b82888e3067199faedf11d,24,3.404833196
e194d49054b82888e3067199faedf11d,27,1.441489271
e194d49054b82888e3067199faedf11d,29,13.52908727
e194d49054b82888e3067199faedf11d,28,16.44461361
e194d49054b82888e3067199faedf11d,25,6.303325552
26b05069a3bc58a43b4f6b67456a79f1,24,12.13841444
26b05069a3bc58a43b4f6b67456a79f1,29,12.51959428
26b05069a3bc58a43b4f6b67456a79f1,30,8.666240774
26b05069a3bc58a43b4f6b67456a79f1,32,15.28824404
26b05069a3bc58a43b4f6b67456a79f1,34,6.960676916
26b05069a3bc58a43b4f6b67456a79f1,35,15.71690778
26b05069a3bc58a43b4f6b67456a79f1,33,7.70796139
26b05069a3bc58a43b4f6b67456a79f1,23,18.36653739
26b05069a3bc58a43b4f6b67456a79f1,27,19.12243094
26b05069a3bc58a43b4f6b67456a79f1,28,20.50239327
26b05069a3bc58a43b4f6b67456a79f1,26,12.07167469
26b05069a3bc58a43b4f6b67456a79f1,31,5.357841633
26b05069a3bc58a43b4f6b67456a79f1,22,15.96533167
26b05069a3bc58a43b4f6b67456a79f1,25,20.37130915
57f29e212c415150c0fcd5862c6594f4,32,4.992559616
57f29e212c415150c0fcd5862c6594f4,23,10.70204989
57f29e212c415150c0fcd5862c6594f4,33,9.796503298
57f29e212c415150c0fcd5862c6594f4,27,8.170172968
57f29e212c415150c0fcd5862c6594f4,22,11.29846113
57f29e212c415150c0fcd5862c6594f4,24,4.389202395
57f29e212c415150c0fcd5862c6594f4,28,15.5958776
57f29e212c415150c0fcd5862c6594f4,29,5.299064049
57f29e212c415150c0fcd5862c6594f4,31,14.14976713
a87fd8b87051689ef44bc142e0676ce3,24,14.17975141
a87fd8b87051689ef44bc142e0676ce3,29,11.95250374
a87fd8b87051689ef44bc142e0676ce3,30,16.88232518
a87fd8b87051689ef44bc142e0676ce3,32,14.29033052
a87fd8b87051689ef44bc142e0676ce3,34,17.94350307
a87fd8b87051689ef44bc142e0676ce3,33,10.45370221
a87fd8b87051689ef44bc142e0676ce3,23,5.819283563
a87fd8b87051689ef44bc142e0676ce3,22,7.150521795
a87fd8b87051689ef44bc142e0676ce3,31,12.06953961
a87fd8b87051689ef44bc142e0676ce3,35,21.9800013
a87fd8b87051689ef44bc142e0676ce3,27,14.07214604
a87fd8b87051689ef44bc142e0676ce3,28,4.048887902
a87fd8b87051689ef44bc142e0676ce3,25,1.220700413
e20a2e2b063e068a13ae336324e53276,24,18.49512417
e20a2e2b063e068a13ae336324e53276,23,21.134999
e20a2e2b063e068a13ae336324e53276,25,4.148853019
e20a2e2b063e068a13ae336324e53276,32,17.88092093
e20a2e2b063e068a13ae336324e53276,33,10.83923164
e20a2e2b063e068a13ae336324e53276,26,9.272100132
e20a2e2b063e068a13ae336324e53276,34,3.581471205
e20a2e2b063e068a13ae336324e53276,22,16.85147263
e20a2e2b063e068a13ae336324e53276,27,15.6847622
e20a2e2b063e068a13ae336324e53276,35,12.2623383
e20a2e2b063e068a13ae336324e53276,28,19.4129047
e20a2e2b063e068a13ae336324e53276,31,20.73250924
e20a2e2b063e068a13ae336324e53276,30,16.33138875
e20a2e2b063e068a13ae336324e53276,29,1.418715984
97585183f9f7e54d881c69717cf8ed5b,23,5.729916936
97585183f9f7e54d881c69717cf8ed5b,35,12.82973602
97585183f9f7e54d881c69717cf8ed5b,32,11.47475047
97585183f9f7e54d881c69717cf8ed5b,34,18.14384068
97585183f9f7e54d881c69717cf8ed5b,33,12.30432043
97585183f9f7e54d881c69717cf8ed5b,22,15.30094781
97585183f9f7e54d881c69717cf8ed5b,24,19.26133235
97585183f9f7e54d881c69717cf8ed5b,27,0.99751853
97585183f9f7e54d881c69717cf8ed5b,26,10.4428038
97585183f9f7e54d881c69717cf8ed5b,30,5.071072792
97585183f9f7e54d881c69717cf8ed5b,25,13.75492798
97585183f9f7e54d881c69717cf8ed5b,31,8.739029285
97585183f9f7e54d881c69717cf8ed5b,28,5.837778862
97585183f9f7e54d881c69717cf8ed5b,29,10.51529902
476f69bd57aaf5066037f5e8ea96c969,24,17.49327378
476f69bd57aaf5066037f5e8ea96c969,23,13.15001205
476f69bd57aaf5066037f5e8ea96c969,25,0.309996109
476f69bd57aaf5066037f5e8ea96c969,29,11.04302135
476f69bd57aaf5066037f5e8ea96c969,35,15.26937518
476f69bd57aaf5066037f5e8ea96c969,32,4.793014529
476f69bd57aaf5066037f5e8ea96c969,33,4.737347454
476f69bd57aaf5066037f5e8ea96c969,26,18.42144402
476f69bd57aaf5066037f5e8ea96c969,34,5.356493102
476f69bd57aaf5066037f5e8ea96c969,27,10.84489084
476f69bd57aaf5066037f5e8ea96c969,28,13.9568628
476f69bd57aaf5066037f5e8ea96c969,30,15.48050273
476f69bd57aaf5066037f5e8ea96c969,31,10.45171977
476f69bd57aaf5066037f5e8ea96c969,22,14.9572396
f66bd185286bbad1c764cd7b7e4eef9f,24,6.750840816
f66bd185286bbad1c764cd7b7e4eef9f,30,7.980466417
f66bd185286bbad1c764cd7b7e4eef9f,23,7.780176206
f66bd185286bbad1c764cd7b7e4eef9f,25,19.6242914
f66bd185286bbad1c764cd7b7e4eef9f,32,20.26435678
f66bd185286bbad1c764cd7b7e4eef9f,34,16.88901461
f66bd185286bbad1c764cd7b7e4eef9f,33,17.23289915
f66bd185286bbad1c764cd7b7e4eef9f,31,11.60100149
f66bd185286bbad1c764cd7b7e4eef9f,35,19.39301069
f66bd185286bbad1c764cd7b7e4eef9f,27,15.43159859
f66bd185286bbad1c764cd7b7e4eef9f,26,4.36013658
f66bd185286bbad1c764cd7b7e4eef9f,28,10.3019594
f66bd185286bbad1c764cd7b7e4eef9f,22,4.766155987
f66bd185286bbad1c764cd7b7e4eef9f,29,5.864799345
84a9ef8089021693102eedbf38424e74,24,14.70786289
84a9ef8089021693102eedbf38424e74,30,6.82211703
84a9ef8089021693102eedbf38424e74,23,15.10153071
84a9ef8089021693102eedbf38424e74,29,12.62618062
84a9ef8089021693102eedbf38424e74,34,10.94574332
84a9ef8089021693102eedbf38424e74,35,5.305532552
84a9ef8089021693102eedbf38424e74,32,8.561531942
84a9ef8089021693102eedbf38424e74,26,14.57688267
84a9ef8089021693102eedbf38424e74,33,13.40151867
84a9ef8089021693102eedbf38424e74,27,17.72566176
84a9ef8089021693102eedbf38424e74,22,20.04922649
84a9ef8089021693102eedbf38424e74,28,9.196054716
84a9ef8089021693102eedbf38424e74,25,19.9402585
84a9ef8089021693102eedbf38424e74,31,3.02594821
596a0f29c79ec29d640766589133ba1b,24,4.27042601
596a0f29c79ec29d640766589133ba1b,32,12.14276394
596a0f29c79ec29d640766589133ba1b,23,19.56165271
596a0f29c79ec29d640766589133ba1b,34,6.264016108
596a0f29c79ec29d640766589133ba1b,35,0.544040271
596a0f29c79ec29d640766589133ba1b,33,1.900617746
596a0f29c79ec29d640766589133ba1b,26,11.47547578
596a0f29c79ec29d640766589133ba1b,22,2.961779295
596a0f29c79ec29d640766589133ba1b,27,8.475580067
596a0f29c79ec29d640766589133ba1b,31,4.730725931
596a0f29c79ec29d640766589133ba1b,30,4.743451157
596a0f29c79ec29d640766589133ba1b,28,14.47224043
596a0f29c79ec29d640766589133ba1b,25,3.045456948
596a0f29c79ec29d640766589133ba1b,29,17.70482672
e0852d0ae4b41c157008f70d4c3f346f,34,14.42283169
e0852d0ae4b41c157008f70d4c3f346f,24,1.342049041
e0852d0ae4b41c157008f70d4c3f346f,23,19.01448457
e0852d0ae4b41c157008f70d4c3f346f,32,2.103735562
e0852d0ae4b41c157008f70d4c3f346f,33,5.018404547
e0852d0ae4b41c157008f70d4c3f346f,26,6.049252306
e0852d0ae4b41c157008f70d4c3f346f,35,19.03837634
e0852d0ae4b41c157008f70d4c3f346f,27,6.41244412
e0852d0ae4b41c157008f70d4c3f346f,28,6.637761398
e0852d0ae4b41c157008f70d4c3f346f,30,0.969786665
e0852d0ae4b41c157008f70d4c3f346f,25,5.761021701
e0852d0ae4b41c157008f70d4c3f346f,31,15.68962643
e0852d0ae4b41c157008f70d4c3f346f,22,10.32026869
e0852d0ae4b41c157008f70d4c3f346f,29,7.749699444
792451f6ec31c2811dc3352ff7d75c88,24,8.400801242
792451f6ec31c2811dc3352ff7d75c88,30,18.94529169
792451f6ec31c2811dc3352ff7d75c88,23,12.39641236
792451f6ec31c2811dc3352ff7d75c88,29,8.289934206
792451f6ec31c2811dc3352ff7d75c88,32,19.78828564
792451f6ec31c2811dc3352ff7d75c88,33,12.48292942
792451f6ec31c2811dc3352ff7d75c88,26,0.940728276
792451f6ec31c2811dc3352ff7d75c88,34,10.6942419
792451f6ec31c2811dc3352ff7d75c88,35,5.849555306
792451f6ec31c2811dc3352ff7d75c88,27,17.54234449
792451f6ec31c2811dc3352ff7d75c88,22,0.788014311
792451f6ec31c2811dc3352ff7d75c88,28,17.49097544
792451f6ec31c2811dc3352ff7d75c88,31,9.752737756
792451f6ec31c2811dc3352ff7d75c88,25,6.867669552
961f1488ce493b74674d80d97690ba37,23,15.04964374
961f1488ce493b74674d80d97690ba37,24,1.486680971
961f1488ce493b74674d80d97690ba37,27,20.54129495
961f1488ce493b74674d80d97690ba37,28,11.05819298
961f1488ce493b74674d80d97690ba37,26,6.042536721
961f1488ce493b74674d80d97690ba37,29,9.72390468
961f1488ce493b74674d80d97690ba37,31,7.434825813
961f1488ce493b74674d80d97690ba37,33,20.00952548
66c93ecf156b838ca652cceda44de74e,25,14.09501216
66c93ecf156b838ca652cceda44de74e,35,20.30101714
66c93ecf156b838ca652cceda44de74e,34,5.663631721
66c93ecf156b838ca652cceda44de74e,23,13.03964447
66c93ecf156b838ca652cceda44de74e,33,20.04805754
66c93ecf156b838ca652cceda44de74e,24,25.69123519
66c93ecf156b838ca652cceda44de74e,27,13.89936371
66c93ecf156b838ca652cceda44de74e,26,16.57037722
66c93ecf156b838ca652cceda44de74e,32,14.42919469
66c93ecf156b838ca652cceda44de74e,22,3.348475591
66c93ecf156b838ca652cceda44de74e,28,3.259856346
28d69d07e7a0edc2167e7335cf1cddaa,29,4.533675462
28d69d07e7a0edc2167e7335cf1cddaa,34,22.76801846
28d69d07e7a0edc2167e7335cf1cddaa,27,10.6329574
28d69d07e7a0edc2167e7335cf1cddaa,24,23.62109483
28d69d07e7a0edc2167e7335cf1cddaa,31,19.3619059
28d69d07e7a0edc2167e7335cf1cddaa,22,7.184304931
28d69d07e7a0edc2167e7335cf1cddaa,30,8.65561421
28d69d07e7a0edc2167e7335cf1cddaa,33,8.234117237
28d69d07e7a0edc2167e7335cf1cddaa,32,7.335942278
707b13df1dde2b29b45e2b855c65c6eb,34,3.187803785
707b13df1dde2b29b45e2b855c65c6eb,29,16.68462539
707b13df1dde2b29b45e2b855c65c6eb,24,18.62197122
707b13df1dde2b29b45e2b855c65c6eb,33,12.35511352
707b13df1dde2b29b45e2b855c65c6eb,35,2.796605458
707b13df1dde2b29b45e2b855c65c6eb,22,12.51500163
707b13df1dde2b29b45e2b855c65c6eb,27,17.65736087
707b13df1dde2b29b45e2b855c65c6eb,26,12.13511455
707b13df1dde2b29b45e2b855c65c6eb,30,12.07247106
707b13df1dde2b29b45e2b855c65c6eb,31,2.980401611
707b13df1dde2b29b45e2b855c65c6eb,28,11.04732653
707b13df1dde2b29b45e2b855c65c6eb,32,3.423484454
707b13df1dde2b29b45e2b855c65c6eb,23,4.195073726
707b13df1dde2b29b45e2b855c65c6eb,25,6.291698968
75e74f2421403236d521cd1376270177,29,1.935496495
75e74f2421403236d521cd1376270177,30,1.616693281
75e74f2421403236d521cd1376270177,32,9.367906797
75e74f2421403236d521cd1376270177,33,17.92941643
75e74f2421403236d521cd1376270177,34,3.170113726
75e74f2421403236d521cd1376270177,28,4.994089577
75e74f2421403236d521cd1376270177,35,14.2083996
75e74f2421403236d521cd1376270177,31,18.30113496
032021aa22e1e29d6545afdda997126a,24,9.308571421
032021aa22e1e29d6545afdda997126a,23,9.839347068
032021aa22e1e29d6545afdda997126a,29,15.8725764
032021aa22e1e29d6545afdda997126a,32,20.32452277
032021aa22e1e29d6545afdda997126a,33,14.29459947
032021aa22e1e29d6545afdda997126a,26,16.77700257
032021aa22e1e29d6545afdda997126a,34,9.603663605
032021aa22e1e29d6545afdda997126a,27,12.31163485
032021aa22e1e29d6545afdda997126a,28,14.49260651
032021aa22e1e29d6545afdda997126a,30,6.662937962
032021aa22e1e29d6545afdda997126a,22,7.565845942
032021aa22e1e29d6545afdda997126a,25,4.224886321
032021aa22e1e29d6545afdda997126a,31,18.77931955
032021aa22e1e29d6545afdda997126a,35,9.260145485
1ae49c92ba8320fb6d668a5759452285,24,14.13727339
1ae49c92ba8320fb6d668a5759452285,23,4.770076258
1ae49c92ba8320fb6d668a5759452285,34,10.15146781
1ae49c92ba8320fb6d668a5759452285,33,1.307733393
1ae49c92ba8320fb6d668a5759452285,26,9.123642204
1ae49c92ba8320fb6d668a5759452285,35,17.9058364
1ae49c92ba8320fb6d668a5759452285,32,4.464006504
1ae49c92ba8320fb6d668a5759452285,27,7.874728122
1ae49c92ba8320fb6d668a5759452285,30,0.933910969
1ae49c92ba8320fb6d668a5759452285,31,2.971273899
1ae49c92ba8320fb6d668a5759452285,28,12.70278904
1ae49c92ba8320fb6d668a5759452285,22,5.561409418
1ae49c92ba8320fb6d668a5759452285,29,18.08982882
1ae49c92ba8320fb6d668a5759452285,25,18.75357972
b3eebe2d5ff78f2b17c234af5d953566,34,23.49130075
b3eebe2d5ff78f2b17c234af5d953566,24,22.43998863
b3eebe2d5ff78f2b17c234af5d953566,33,17.79960853
b3eebe2d5ff78f2b17c234af5d953566,22,9.242835109
b3eebe2d5ff78f2b17c234af5d953566,23,12.24116871
b3eebe2d5ff78f2b17c234af5d953566,27,3.881431952
b3eebe2d5ff78f2b17c234af5d953566,28,8.187171848
b3eebe2d5ff78f2b17c234af5d953566,31,13.86738993
b3eebe2d5ff78f2b17c234af5d953566,35,16.28638425
b3eebe2d5ff78f2b17c234af5d953566,30,17.59717122
b3eebe2d5ff78f2b17c234af5d953566,25,9.086257375
ccc5ab85e78c6d885f8dc4d6dac6056f,34,14.99129328
ccc5ab85e78c6d885f8dc4d6dac6056f,33,2.94012132
ccc5ab85e78c6d885f8dc4d6dac6056f,26,3.938548653
ccc5ab85e78c6d885f8dc4d6dac6056f,35,9.460427908
ccc5ab85e78c6d885f8dc4d6dac6056f,31,12.69612488
ccc5ab85e78c6d885f8dc4d6dac6056f,27,4.107079912
ccc5ab85e78c6d885f8dc4d6dac6056f,28,7.733063299
ccc5ab85e78c6d885f8dc4d6dac6056f,32,8.565819738
ccc5ab85e78c6d885f8dc4d6dac6056f,30,1.118328356
03475a30a1a0fee80bcc015d9b75a0be,24,8.218270821
03475a30a1a0fee80bcc015d9b75a0be,29,20.42333302
03475a30a1a0fee80bcc015d9b75a0be,35,18.61759013
03475a30a1a0fee80bcc015d9b75a0be,32,5.974702364
03475a30a1a0fee80bcc015d9b75a0be,33,10.33238467
03475a30a1a0fee80bcc015d9b75a0be,34,6.342785126
03475a30a1a0fee80bcc015d9b75a0be,27,17.49839064
03475a30a1a0fee80bcc015d9b75a0be,23,19.23555787
03475a30a1a0fee80bcc015d9b75a0be,28,14.74960503
03475a30a1a0fee80bcc015d9b75a0be,26,9.473779471
03475a30a1a0fee80bcc015d9b75a0be,30,17.19655166
03475a30a1a0fee80bcc015d9b75a0be,31,11.48367507
03475a30a1a0fee80bcc015d9b75a0be,22,11.07802191
03475a30a1a0fee80bcc015d9b75a0be,25,0.897904872
7e9695646c4030d5d02a2320be488596,23,9.43414332
7e9695646c4030d5d02a2320be488596,34,17.58347004
7e9695646c4030d5d02a2320be488596,35,15.42806976
7e9695646c4030d5d02a2320be488596,32,12.12222716
7e9695646c4030d5d02a2320be488596,33,1.646133979
7e9695646c4030d5d02a2320be488596,29,6.382665807
7e9695646c4030d5d02a2320be488596,30,12.26266823
7e9695646c4030d5d02a2320be488596,31,13.34763882
4d8f2678e1f22f9339deee6bb79cf77a,24,15.28847331
4d8f2678e1f22f9339deee6bb79cf77a,25,19.62634895
4d8f2678e1f22f9339deee6bb79cf77a,32,19.91930872
4d8f2678e1f22f9339deee6bb79cf77a,29,12.79094593
4d8f2678e1f22f9339deee6bb79cf77a,35,3.739463409
4d8f2678e1f22f9339deee6bb79cf77a,33,12.04051466
4d8f2678e1f22f9339deee6bb79cf77a,26,7.167115311
4d8f2678e1f22f9339deee6bb79cf77a,34,12.05174507
4d8f2678e1f22f9339deee6bb79cf77a,28,15.63376595
4d8f2678e1f22f9339deee6bb79cf77a,31,21.4065283
4d8f2678e1f22f9339deee6bb79cf77a,27,3.104706711
4d8f2678e1f22f9339deee6bb79cf77a,30,3.14698727
c9371856ff2a275c258405cb715d2185,24,13.60834966
c9371856ff2a275c258405cb715d2185,34,7.195995903
c9371856ff2a275c258405cb715d2185,35,12.52280233
c9371856ff2a275c258405cb715d2185,32,1.012450669
c9371856ff2a275c258405cb715d2185,23,6.500449061
c9371856ff2a275c258405cb715d2185,26,10.17553726
c9371856ff2a275c258405cb715d2185,31,2.354998159
c9371856ff2a275c258405cb715d2185,27,18.67606079
c9371856ff2a275c258405cb715d2185,29,17.53320882
c9371856ff2a275c258405cb715d2185,28,10.06210563
c9371856ff2a275c258405cb715d2185,30,11.96917473
c9371856ff2a275c258405cb715d2185,22,13.32448677
c9371856ff2a275c258405cb715d2185,33,4.149745257
c9371856ff2a275c258405cb715d2185,25,3.111966855
6e082f5a75bf5b669a4b95c08588a0b9,24,14.12895535
6e082f5a75bf5b669a4b95c08588a0b9,32,4.91952953
6e082f5a75bf5b669a4b95c08588a0b9,34,3.115890208
6e082f5a75bf5b669a4b95c08588a0b9,35,16.78111186
6e082f5a75bf5b669a4b95c08588a0b9,33,5.220660525
6e082f5a75bf5b669a4b95c08588a0b9,26,13.00497189
6e082f5a75bf5b669a4b95c08588a0b9,29,13.52669658
6e082f5a75bf5b669a4b95c08588a0b9,27,18.04390693
6e082f5a75bf5b669a4b95c08588a0b9,31,16.83389815
6e082f5a75bf5b669a4b95c08588a0b9,30,13.39176974
6e082f5a75bf5b669a4b95c08588a0b9,28,4.094495011
6e082f5a75bf5b669a4b95c08588a0b9,22,18.62183294
6e082f5a75bf5b669a4b95c08588a0b9,25,3.111154733
6e082f5a75bf5b669a4b95c08588a0b9,23,16.34542921
7bbd576f2c18dadf9a550433a02fef43,32,6.176908314
7bbd576f2c18dadf9a550433a02fef43,33,21.7052304
7bbd576f2c18dadf9a550433a02fef43,34,17.19251608
7bbd576f2c18dadf9a550433a02fef43,35,4.236996784
764e6a0f93495559a91a9ae140de3a81,24,14.27354992
764e6a0f93495559a91a9ae140de3a81,25,19.94703553
764e6a0f93495559a91a9ae140de3a81,29,1.6981581
764e6a0f93495559a91a9ae140de3a81,32,3.711369281
764e6a0f93495559a91a9ae140de3a81,33,18.61459984
764e6a0f93495559a91a9ae140de3a81,26,4.734888964
764e6a0f93495559a91a9ae140de3a81,34,8.240213546
764e6a0f93495559a91a9ae140de3a81,35,3.962888324
764e6a0f93495559a91a9ae140de3a81,27,8.920610742
764e6a0f93495559a91a9ae140de3a81,23,0.421621906
764e6a0f93495559a91a9ae140de3a81,30,12.15833754
764e6a0f93495559a91a9ae140de3a81,28,1.494557833
764e6a0f93495559a91a9ae140de3a81,22,12.7186805
764e6a0f93495559a91a9ae140de3a81,31,1.625116467
9b81a5c072159bc2bf0164fb1edcc5e3,24,9.481722465
9b81a5c072159bc2bf0164fb1edcc5e3,23,14.27343062
9b81a5c072159bc2bf0164fb1edcc5e3,29,20.46395703
9b81a5c072159bc2bf0164fb1edcc5e3,34,12.30019198
9b81a5c072159bc2bf0164fb1edcc5e3,35,8.514819629
9b81a5c072159bc2bf0164fb1edcc5e3,32,13.35623443
9b81a5c072159bc2bf0164fb1edcc5e3,33,19.41207721
9b81a5c072159bc2bf0164fb1edcc5e3,26,2.974337498
9b81a5c072159bc2bf0164fb1edcc5e3,27,11.00379495
9b81a5c072159bc2bf0164fb1edcc5e3,30,10.16416773
9b81a5c072159bc2bf0164fb1edcc5e3,31,14.44985138
9b81a5c072159bc2bf0164fb1edcc5e3,22,15.72855858
9b81a5c072159bc2bf0164fb1edcc5e3,28,21.34083936
9b81a5c072159bc2bf0164fb1edcc5e3,25,9.800514713
92ffcd681bcd10fd53c4918f06b804df,34,17.02646342
92ffcd681bcd10fd53c4918f06b804df,24,16.66418116
92ffcd681bcd10fd53c4918f06b804df,25,2.535761727
92ffcd681bcd10fd53c4918f06b804df,35,14.83412397
92ffcd681bcd10fd53c4918f06b804df,32,14.4233192
92ffcd681bcd10fd53c4918f06b804df,23,4.296451342
92ffcd681bcd10fd53c4918f06b804df,31,1.070127492
92ffcd681bcd10fd53c4918f06b804df,33,10.57537672
92ffcd681bcd10fd53c4918f06b804df,27,12.6576151
92ffcd681bcd10fd53c4918f06b804df,28,7.373555751
92ffcd681bcd10fd53c4918f06b804df,26,3.344675218
92ffcd681bcd10fd53c4918f06b804df,29,2.28248962
92ffcd681bcd10fd53c4918f06b804df,30,2.070058903
dae559bf48e9e3923c91531d0c287849,24,20.41052058
dae559bf48e9e3923c91531d0c287849,25,11.47364147
dae559bf48e9e3923c91531d0c287849,32,15.90282025
dae559bf48e9e3923c91531d0c287849,33,11.27594152
dae559bf48e9e3923c91531d0c287849,23,14.74565714
dae559bf48e9e3923c91531d0c287849,26,17.47236815
dae559bf48e9e3923c91531d0c287849,34,14.35147992
dae559bf48e9e3923c91531d0c287849,35,4.180813555
dae559bf48e9e3923c91531d0c287849,27,15.06674913
dae559bf48e9e3923c91531d0c287849,31,5.564015839
dae559bf48e9e3923c91531d0c287849,29,7.663304692
dae559bf48e9e3923c91531d0c287849,30,10.60784979
dae559bf48e9e3923c91531d0c287849,28,7.714511933
dae559bf48e9e3923c91531d0c287849,22,19.0969445
551e6974bbb748d7c49a517177cbdccd,32,16.13667849
551e6974bbb748d7c49a517177cbdccd,34,6.524252433
551e6974bbb748d7c49a517177cbdccd,33,5.661795367
551e6974bbb748d7c49a517177cbdccd,35,6.464387855
551e6974bbb748d7c49a517177cbdccd,31,0.562003871
8cace40a96c8941283e88599a195e5d6,24,21.45137438
8cace40a96c8941283e88599a195e5d6,25,1.05564337
8cace40a96c8941283e88599a195e5d6,34,3.515227509
8cace40a96c8941283e88599a195e5d6,35,9.901222916
8cace40a96c8941283e88599a195e5d6,32,18.80992271
8cace40a96c8941283e88599a195e5d6,33,6.14884244
8cace40a96c8941283e88599a195e5d6,23,2.737642929
8cace40a96c8941283e88599a195e5d6,26,10.00164266
8cace40a96c8941283e88599a195e5d6,27,18.0028914
8cace40a96c8941283e88599a195e5d6,28,3.706160415
8cace40a96c8941283e88599a195e5d6,29,15.00770344
8cace40a96c8941283e88599a195e5d6,31,6.156653565
8cace40a96c8941283e88599a195e5d6,30,8.25474113
8cace40a96c8941283e88599a195e5d6,22,15.42385231
06713aea9b721dc11640e5a5e288fe2c,24,12.99357855
06713aea9b721dc11640e5a5e288fe2c,25,15.81237138
06713aea9b721dc11640e5a5e288fe2c,29,2.365087523
06713aea9b721dc11640e5a5e288fe2c,35,10.38446566
06713aea9b721dc11640e5a5e288fe2c,32,16.65480253
06713aea9b721dc11640e5a5e288fe2c,33,7.112269905
06713aea9b721dc11640e5a5e288fe2c,23,5.473392329
06713aea9b721dc11640e5a5e288fe2c,34,11.4463383
06713aea9b721dc11640e5a5e288fe2c,26,0.750437407
06713aea9b721dc11640e5a5e288fe2c,27,11.6865089
06713aea9b721dc11640e5a5e288fe2c,22,10.21484619
06713aea9b721dc11640e5a5e288fe2c,30,6.049854332
06713aea9b721dc11640e5a5e288fe2c,31,9.534594557
06713aea9b721dc11640e5a5e288fe2c,28,14.88648215
d03e38652721e38550b84024a30135b6,32,9.48508023
d03e38652721e38550b84024a30135b6,31,12.60974909
d03e38652721e38550b84024a30135b6,33,0.506567826
4f633dcb9e19f575c0a99ae3dc74cb36,24,4.511008688
4f633dcb9e19f575c0a99ae3dc74cb36,25,2.636615744
4f633dcb9e19f575c0a99ae3dc74cb36,29,13.37944364
4f633dcb9e19f575c0a99ae3dc74cb36,30,11.7303257
4f633dcb9e19f575c0a99ae3dc74cb36,32,15.25620526
4f633dcb9e19f575c0a99ae3dc74cb36,34,13.3263605
4f633dcb9e19f575c0a99ae3dc74cb36,33,18.82363312
4f633dcb9e19f575c0a99ae3dc74cb36,23,18.96894806
4f633dcb9e19f575c0a99ae3dc74cb36,26,3.987292864
4f633dcb9e19f575c0a99ae3dc74cb36,22,2.418770346
4f633dcb9e19f575c0a99ae3dc74cb36,35,15.06474787
4f633dcb9e19f575c0a99ae3dc74cb36,27,12.88559912
4f633dcb9e19f575c0a99ae3dc74cb36,28,9.951205265
4f633dcb9e19f575c0a99ae3dc74cb36,31,17.24676728
ea5c75185fe7ff4f54c9f44872a1ab7a,24,13.02796204
ea5c75185fe7ff4f54c9f44872a1ab7a,23,10.40394691
ea5c75185fe7ff4f54c9f44872a1ab7a,29,11.28220412
ea5c75185fe7ff4f54c9f44872a1ab7a,32,4.200745706
ea5c75185fe7ff4f54c9f44872a1ab7a,33,10.09505118
ea5c75185fe7ff4f54c9f44872a1ab7a,26,14.14454787
ea5c75185fe7ff4f54c9f44872a1ab7a,34,11.01939948
ea5c75185fe7ff4f54c9f44872a1ab7a,22,3.33566167
ea5c75185fe7ff4f54c9f44872a1ab7a,27,20.14712009
ea5c75185fe7ff4f54c9f44872a1ab7a,28,14.13004588
ea5c75185fe7ff4f54c9f44872a1ab7a,31,17.61214791
ea5c75185fe7ff4f54c9f44872a1ab7a,30,8.356338481
ea5c75185fe7ff4f54c9f44872a1ab7a,25,16.50677614
3f4db915849053d026bd611bb2e76320,34,7.068884377
3f4db915849053d026bd611bb2e76320,35,6.718189781
3f4db915849053d026bd611bb2e76320,32,9.204274622
3f4db915849053d026bd611bb2e76320,33,3.190453832
3f4db915849053d026bd611bb2e76320,28,1.438928677
3f4db915849053d026bd611bb2e76320,29,2.12235722
3f4db915849053d026bd611bb2e76320,30,13.52507911
3f4db915849053d026bd611bb2e76320,31,13.88734934
e721c05b88fe981fc3f08302517fecad,34,6.476292043
e721c05b88fe981fc3f08302517fecad,29,9.36081842
e721c05b88fe981fc3f08302517fecad,30,20.44003126
e721c05b88fe981fc3f08302517fecad,35,1.405611896
e721c05b88fe981fc3f08302517fecad,32,7.076311977
e721c05b88fe981fc3f08302517fecad,33,12.04553361
e721c05b88fe981fc3f08302517fecad,23,10.30441108
e721c05b88fe981fc3f08302517fecad,24,14.66890551
e721c05b88fe981fc3f08302517fecad,27,13.08621989
e721c05b88fe981fc3f08302517fecad,31,10.88349068
e721c05b88fe981fc3f08302517fecad,22,7.277417436
e721c05b88fe981fc3f08302517fecad,26,2.911734216
e721c05b88fe981fc3f08302517fecad,28,8.131176693
91b98183bf755ce56fef02b1497e2761,34,8.643364042
91b98183bf755ce56fef02b1497e2761,24,6.044497281
91b98183bf755ce56fef02b1497e2761,29,16.54069177
91b98183bf755ce56fef02b1497e2761,23,7.191732944
91b98183bf755ce56fef02b1497e2761,32,14.76445546
91b98183bf755ce56fef02b1497e2761,33,20.82648003
91b98183bf755ce56fef02b1497e2761,26,11.84102518
91b98183bf755ce56fef02b1497e2761,27,6.994049501
91b98183bf755ce56fef02b1497e2761,28,16.56766782
91b98183bf755ce56fef02b1497e2761,30,13.49446159
91b98183bf755ce56fef02b1497e2761,31,17.18086653
91b98183bf755ce56fef02b1497e2761,22,0.509255245
91b98183bf755ce56fef02b1497e2761,25,6.250088588
91b98183bf755ce56fef02b1497e2761,35,17.05547144
0d5bf58aa57b9acef7d51fffc946adf7,34,16.65534841
0d5bf58aa57b9acef7d51fffc946adf7,24,5.90639312
0d5bf58aa57b9acef7d51fffc946adf7,32,2.299038663
0d5bf58aa57b9acef7d51fffc946adf7,35,13.80108314
0d5bf58aa57b9acef7d51fffc946adf7,33,11.74102076
0d5bf58aa57b9acef7d51fffc946adf7,23,17.23070612
0d5bf58aa57b9acef7d51fffc946adf7,26,19.81549739
0d5bf58aa57b9acef7d51fffc946adf7,27,15.68491863
0d5bf58aa57b9acef7d51fffc946adf7,28,5.884466524
0d5bf58aa57b9acef7d51fffc946adf7,31,10.48766623
0d5bf58aa57b9acef7d51fffc946adf7,30,3.598665403
0d5bf58aa57b9acef7d51fffc946adf7,22,13.21732638
0d5bf58aa57b9acef7d51fffc946adf7,29,9.002460798
0d5bf58aa57b9acef7d51fffc946adf7,25,9.054758241
49bb00c8da78da37290b366519a8d05c,24,3.517961403
49bb00c8da78da37290b366519a8d05c,25,22.01645647
49bb00c8da78da37290b366519a8d05c,32,20.49266797
49bb00c8da78da37290b366519a8d05c,23,11.76479054
49bb00c8da78da37290b366519a8d05c,29,13.33591958
49bb00c8da78da37290b366519a8d05c,34,5.249309948
49bb00c8da78da37290b366519a8d05c,33,17.48408542
49bb00c8da78da37290b366519a8d05c,35,21.48274327
49bb00c8da78da37290b366519a8d05c,31,17.54167121
49bb00c8da78da37290b366519a8d05c,27,2.28503228
82d33a4c0f08d281fb60fdda7d2fbc0e,24,1.841467933
82d33a4c0f08d281fb60fdda7d2fbc0e,25,1.486591325
82d33a4c0f08d281fb60fdda7d2fbc0e,32,19.84456804
82d33a4c0f08d281fb60fdda7d2fbc0e,33,7.392503648
82d33a4c0f08d281fb60fdda7d2fbc0e,34,11.27126669
82d33a4c0f08d281fb60fdda7d2fbc0e,26,9.390551482
82d33a4c0f08d281fb60fdda7d2fbc0e,23,20.74272703
82d33a4c0f08d281fb60fdda7d2fbc0e,27,2.650347775
82d33a4c0f08d281fb60fdda7d2fbc0e,28,18.38406522
82d33a4c0f08d281fb60fdda7d2fbc0e,35,5.65858173
82d33a4c0f08d281fb60fdda7d2fbc0e,29,6.515256136
82d33a4c0f08d281fb60fdda7d2fbc0e,30,20.56815958
82d33a4c0f08d281fb60fdda7d2fbc0e,22,15.36386931
82d33a4c0f08d281fb60fdda7d2fbc0e,31,1.435564562
1f36b752f1718e6a09f994ab8fd232f1,32,18.0587781
1f36b752f1718e6a09f994ab8fd232f1,33,14.13151276
1f36b752f1718e6a09f994ab8fd232f1,34,20.844778
1f36b752f1718e6a09f994ab8fd232f1,35,21.33644475
a166bdb4b2b4cc56ce13e3de77b5d04f,25,4.645557852
b882316daec5db9e311f63995e3733ff,34,8.118658919
b882316daec5db9e311f63995e3733ff,32,8.691345654
b882316daec5db9e311f63995e3733ff,33,17.94443186
57f50b15cc10c0bf7594b6bd9256dce3,24,23.4844481
57f50b15cc10c0bf7594b6bd9256dce3,32,22.02959703
57f50b15cc10c0bf7594b6bd9256dce3,23,12.78178132
57f50b15cc10c0bf7594b6bd9256dce3,34,17.99108908
57f50b15cc10c0bf7594b6bd9256dce3,33,13.93981389
57f50b15cc10c0bf7594b6bd9256dce3,26,14.79183226
57f50b15cc10c0bf7594b6bd9256dce3,35,11.99724599
57f50b15cc10c0bf7594b6bd9256dce3,27,4.654215758
57f50b15cc10c0bf7594b6bd9256dce3,30,10.14164093
57f50b15cc10c0bf7594b6bd9256dce3,31,19.24797683
57f50b15cc10c0bf7594b6bd9256dce3,28,10.9428324
57f50b15cc10c0bf7594b6bd9256dce3,22,9.418827548
57f50b15cc10c0bf7594b6bd9256dce3,25,20.37232802
57f50b15cc10c0bf7594b6bd9256dce3,29,4.123600363
b3038c4e445b1139684c392668e765c2,24,1.466329569
b3038c4e445b1139684c392668e765c2,25,5.759304654
b3038c4e445b1139684c392668e765c2,32,4.899101083
b3038c4e445b1139684c392668e765c2,23,4.507658768
b3038c4e445b1139684c392668e765c2,34,19.03819019
b3038c4e445b1139684c392668e765c2,35,18.59912585
b3038c4e445b1139684c392668e765c2,26,17.71200507
b3038c4e445b1139684c392668e765c2,22,2.858098837
b3038c4e445b1139684c392668e765c2,33,19.31180227
b3038c4e445b1139684c392668e765c2,27,17.9803459
b3038c4e445b1139684c392668e765c2,31,20.61080928
b3038c4e445b1139684c392668e765c2,28,19.51470509
b3038c4e445b1139684c392668e765c2,30,2.686419148
b3038c4e445b1139684c392668e765c2,29,9.19244256
481af1e4ee87f81eb2dce5e8f70a7f62,25,5.184507672
481af1e4ee87f81eb2dce5e8f70a7f62,29,5.686997706
481af1e4ee87f81eb2dce5e8f70a7f62,30,22.61031515
481af1e4ee87f81eb2dce5e8f70a7f62,32,18.2018235
481af1e4ee87f81eb2dce5e8f70a7f62,34,9.909140755
481af1e4ee87f81eb2dce5e8f70a7f62,33,24.17678116
481af1e4ee87f81eb2dce5e8f70a7f62,23,8.204847773
481af1e4ee87f81eb2dce5e8f70a7f62,24,17.19815461
481af1e4ee87f81eb2dce5e8f70a7f62,22,14.38857734
481af1e4ee87f81eb2dce5e8f70a7f62,27,5.805762608
481af1e4ee87f81eb2dce5e8f70a7f62,26,20.95571786
481af1e4ee87f81eb2dce5e8f70a7f62,31,15.53937983
481af1e4ee87f81eb2dce5e8f70a7f62,28,6.350923147
b10dc468b2c524c766241c0a622944e8,24,20.22388598
b10dc468b2c524c766241c0a622944e8,25,17.69770466
b10dc468b2c524c766241c0a622944e8,32,15.29253418
b10dc468b2c524c766241c0a622944e8,23,13.17884252
b10dc468b2c524c766241c0a622944e8,34,23.65151316
b10dc468b2c524c766241c0a622944e8,33,14.74564678
b10dc468b2c524c766241c0a622944e8,35,2.952826013
b10dc468b2c524c766241c0a622944e8,31,6.322263147
b10dc468b2c524c766241c0a622944e8,29,20.39317439
b10dc468b2c524c766241c0a622944e8,26,6.964411432
b10dc468b2c524c766241c0a622944e8,30,2.970504949
b10dc468b2c524c766241c0a622944e8,22,6.073769605
b10dc468b2c524c766241c0a622944e8,28,13.95222501
4a85c09b1e865c3227191f83d622bdf8,25,15.06523196
4a85c09b1e865c3227191f83d622bdf8,29,16.13244285
4a85c09b1e865c3227191f83d622bdf8,32,19.79749583
4a85c09b1e865c3227191f83d622bdf8,35,19.56647655
